startup_id,sector,seed_funding_millions,market_score,survived_3yr,year3_revenue_millions
1,Health,0.36,-0.47,True,36.36
2,AI,0.7,0.12,True,28.05
3,Retail,0.13,0.4,False,
4,Games,1.6,1.2,False,
5,Health,0.62,0.24,True,97.69
6,Retail,0.38,-0.47,True,10.18
7,Fintech,0.38,-1.01,False,
8,Fintech,1.08,0.29,True,25.73
9,AI,0.05,-0.12,True,7.16
10,Health,0.28,-0.08,False,
11,Fintech,0.49,0.26,True,15.56
12,Retail,0.49,0.52,False,
13,Fintech,4.01,0.27,False,
14,Health,0.41,-0.17,False,
15,Health,1.19,-0.8,False,
16,Fintech,2.3,-0.61,False,
17,Games,0.92,0.85,True,29.89
18,Games,0.32,-0.42,False,
19,Retail,0.19,-1.35,False,
20,Games,0.98,1.16,True,3.11
21,Health,2.01,-0.94,True,10.77
22,Health,0.84,0.04,False,
23,Games,1.45,0.49,False,
24,Fintech,4.3,0.0,False,
25,Health,1.06,-2.48,True,7.96
26,AI,0.22,0.39,False,
27,Games,0.56,1.33,True,15.17
28,AI,1.62,0.79,True,32.39
29,Retail,0.44,-2.12,False,
30,AI,1.8,2.13,True,28.51
31,Fintech,0.51,-1.33,False,
32,Fintech,0.71,-1.08,False,
33,Fintech,0.41,0.78,False,
34,Fintech,0.61,0.45,False,
35,Games,0.64,0.08,True,7.97
36,AI,0.15,-0.57,True,24.31
37,Fintech,0.38,1.33,False,
38,AI,0.2,-0.04,True,6.3
39,Fintech,0.39,-1.57,False,
40,Retail,0.29,1.23,False,
41,Fintech,1.21,0.22,False,
42,Retail,1.23,1.12,False,
43,Health,0.85,0.57,True,13.83
44,Health,0.2,2.39,True,47.85
45,Retail,0.5,-0.31,False,
46,AI,0.18,0.02,True,19.52
47,Retail,0.48,0.72,False,
48,Health,0.91,-0.3,True,28.56
49,Fintech,1.2,0.8,True,19.25
50,Retail,0.79,-2.95,False,
51,Fintech,1.48,-0.07,False,
52,Retail,0.67,-0.1,True,6.93
53,Retail,0.45,-0.14,False,
54,Fintech,1.09,-0.88,False,
55,Fintech,1.12,0.91,False,
56,Retail,0.36,-0.5,False,
57,AI,0.73,0.2,False,
58,Games,0.43,-0.04,True,10.23
59,AI,0.11,0.5,False,
60,Fintech,0.77,1.43,True,5.72
61,Health,0.19,0.2,False,
62,Games,0.7,0.84,False,
63,Games,0.16,0.14,True,24.0
64,Games,0.3,-0.51,False,
65,Fintech,0.38,-0.14,False,
66,Health,1.41,-0.28,True,14.42
67,Fintech,0.35,0.57,False,
68,Fintech,0.23,0.11,False,
69,Fintech,0.72,-0.79,False,
70,Games,0.45,-0.22,False,
71,Fintech,1.02,-1.53,True,14.33
72,AI,0.24,-0.18,True,9.52
73,Games,0.64,0.0,False,
74,AI,3.9,1.81,False,
75,Retail,0.45,1.35,False,
76,Fintech,0.63,-1.03,False,
77,AI,0.14,0.2,False,
78,Retail,0.27,0.22,True,20.69
79,Games,0.78,-0.23,False,
80,Retail,0.42,-0.17,False,
81,Health,0.88,-0.35,False,
82,Fintech,0.76,1.87,True,12.23
83,Games,0.19,-0.42,False,
84,Health,1.22,0.34,False,
85,Health,0.2,-2.53,False,
86,Fintech,0.29,0.82,False,
87,Fintech,0.65,1.18,False,
88,AI,1.89,-1.05,False,
89,Retail,0.24,-0.51,False,
90,Fintech,0.61,0.45,False,
91,Retail,0.61,0.02,False,
92,Fintech,0.91,0.47,False,
93,Health,1.39,-0.29,False,
94,Fintech,0.39,1.86,False,
95,Games,1.21,-0.67,False,
96,Retail,1.57,2.69,True,17.1
97,Health,2.25,1.24,True,16.59
98,Fintech,0.81,0.83,False,
99,Games,0.61,-1.04,False,
100,AI,0.37,0.91,True,14.46
101,Games,0.17,0.6,False,
102,Games,0.43,-2.12,True,27.82
103,Fintech,0.59,-1.4,False,
104,Games,0.5,0.36,False,
105,Games,0.87,-0.13,True,10.24
106,AI,0.17,-0.52,False,
107,Fintech,0.47,1.08,True,5.23
108,Health,2.67,-0.88,False,
109,Retail,1.2,-0.46,False,
110,Health,0.88,-0.65,False,
111,Health,0.74,0.51,False,
112,Fintech,0.4,-1.72,False,
113,AI,0.13,-0.5,False,
114,AI,0.78,-1.72,False,
115,Fintech,0.08,-0.31,True,11.06
116,AI,0.42,0.72,False,
117,AI,0.54,0.74,False,
118,Games,0.38,-0.73,False,
119,Games,3.07,0.53,True,20.28
120,AI,2.33,-0.19,False,
121,Games,1.23,1.36,False,
122,AI,0.26,-0.13,False,
123,Fintech,2.51,-2.97,False,
124,Retail,0.89,0.89,False,
125,Health,0.25,-0.46,False,
126,AI,0.55,-0.27,False,
127,Fintech,1.16,0.34,False,
128,Games,0.33,-1.42,False,
129,Fintech,0.6,0.07,False,
130,Retail,0.7,0.53,True,4.76
131,Health,0.22,0.36,False,
132,AI,0.44,-0.6,False,
133,Health,0.24,0.99,True,7.99
134,Games,1.08,-1.0,False,
135,Health,0.26,-0.63,False,
136,Retail,0.68,-0.14,False,
137,Retail,0.18,0.3,True,10.28
138,AI,0.22,-0.32,False,
139,AI,0.21,1.23,False,
140,Fintech,0.43,0.3,False,
141,Games,0.62,0.08,False,
142,Games,0.72,0.26,False,
143,Fintech,0.13,0.73,False,
144,Retail,0.47,0.24,False,
145,Fintech,0.3,-1.81,False,
146,Retail,0.83,1.09,False,
147,Retail,0.44,0.12,True,7.21
148,AI,0.51,0.68,False,
149,Fintech,0.3,-0.41,True,11.39
150,Fintech,2.15,-1.83,False,
151,Retail,0.19,-2.28,False,
152,Fintech,0.39,-0.94,False,
153,Retail,0.59,0.52,False,
154,Health,0.44,1.3,False,
155,Health,0.29,0.3,False,
156,Retail,0.13,-1.05,False,
157,Health,0.31,-0.78,False,
158,Games,0.25,1.36,True,21.56
159,Health,2.07,-1.31,False,
160,AI,3.31,2.1,True,20.5
161,AI,0.52,1.88,True,11.03
162,Fintech,0.18,2.13,True,43.37
163,Games,0.98,0.38,False,
164,Fintech,0.25,-0.34,False,
165,Health,0.35,0.36,False,
166,AI,0.33,0.91,False,
167,Games,0.36,-0.65,False,
168,Retail,0.41,-1.1,False,
169,Games,0.19,-0.28,False,
170,Retail,0.31,-0.77,False,
171,AI,1.22,1.24,True,14.01
172,AI,0.53,-0.62,True,26.1
173,Health,0.6,0.1,False,
174,Fintech,0.09,0.98,False,
175,Games,1.15,1.28,False,
176,Retail,0.31,0.21,False,
177,AI,1.33,0.38,False,
178,Retail,0.61,-1.02,True,33.11
179,AI,0.34,1.02,False,
180,Games,0.14,1.26,True,29.23
181,Fintech,3.08,-1.87,True,9.14
182,Games,1.03,1.76,False,
183,AI,1.08,-0.7,True,32.63
184,Retail,2.32,0.59,True,36.54
185,Retail,0.65,0.08,False,
186,Health,1.59,-0.06,False,
187,Health,0.37,-0.21,False,
188,Games,0.97,-0.99,True,21.25
189,Games,0.33,0.52,False,
190,Health,0.36,-0.29,False,
191,Games,0.58,-1.31,False,
192,Retail,0.2,-1.04,False,
193,Games,0.7,-1.29,False,
194,AI,0.42,-0.52,False,
195,Retail,0.11,0.49,True,20.18
196,Fintech,0.37,-0.71,False,
197,AI,0.41,0.98,True,29.37
198,Retail,1.07,-0.12,False,
199,Fintech,0.68,-0.29,False,
200,AI,1.72,0.02,False,
201,Health,0.82,1.4,False,
202,Retail,0.35,-1.37,True,17.21
203,AI,0.52,1.66,True,3.68
204,Health,0.41,0.96,False,
205,AI,0.8,-0.02,False,
206,Health,0.57,1.18,False,
207,Fintech,0.33,-0.32,False,
208,AI,0.54,0.29,False,
209,Retail,0.78,-0.54,True,18.27
210,Games,0.24,0.97,True,14.71
211,Retail,0.7,-0.71,False,
212,Retail,0.15,-0.05,False,
213,Retail,1.31,0.68,False,
214,Games,0.82,1.05,False,
215,Fintech,1.99,-0.82,False,
216,Retail,0.22,0.75,True,23.24
217,Health,1.34,-0.98,True,10.26
218,Fintech,1.14,-2.15,True,13.69
219,Fintech,0.47,-0.75,True,21.09
220,Fintech,0.4,0.83,False,
221,Health,0.23,-0.01,False,
222,Retail,0.18,-0.53,False,
223,Health,0.3,0.06,False,
224,Fintech,0.2,0.02,False,
225,AI,1.94,0.62,True,9.32
226,Retail,0.16,-1.61,False,
227,Health,0.61,-0.1,True,21.48
228,Health,0.77,0.12,True,6.96
229,Retail,0.72,-1.37,False,
230,Retail,0.77,-1.38,False,
231,Health,1.15,-0.36,False,
232,Games,0.38,0.01,False,
233,Fintech,0.58,0.01,True,4.52
234,Retail,0.43,-0.56,False,
235,Health,1.53,-0.6,True,9.11
236,Games,2.9,-0.4,False,
237,AI,0.21,0.3,False,
238,Games,0.11,1.24,True,58.25
239,Fintech,0.85,-2.22,False,
240,Health,1.27,0.62,True,36.09
241,Games,2.59,-0.11,False,
242,Retail,0.98,0.53,True,19.36
243,Fintech,1.65,1.19,False,
244,Retail,2.04,-0.76,False,
245,Fintech,1.74,0.94,False,
246,Health,1.09,-1.25,False,
247,AI,0.19,0.13,False,
248,Fintech,0.54,-0.24,False,
249,Retail,0.69,0.05,True,6.58
250,AI,0.5,-0.99,True,20.07
251,Retail,0.52,0.44,False,
252,Fintech,1.89,1.59,False,
253,Games,0.29,-0.97,False,
254,AI,1.02,0.19,True,19.14
255,Games,0.7,0.86,False,
256,Retail,0.27,-0.3,False,
257,Health,0.23,1.36,False,
258,Fintech,0.14,-0.43,True,42.39
259,Retail,0.8,-0.12,True,20.05
260,Games,0.51,-0.99,False,
261,AI,0.28,0.13,False,
262,Games,0.12,0.0,False,
263,Games,0.76,0.64,False,
264,Retail,0.47,-0.64,True,5.58
265,Fintech,0.31,-0.68,False,
266,Health,0.25,0.46,False,
267,Retail,0.45,1.4,False,
268,Health,0.79,0.63,False,
269,Health,0.41,1.85,False,
270,Retail,0.21,0.56,True,8.99
271,Fintech,0.52,0.52,False,
272,Fintech,1.25,0.68,False,
273,Retail,0.56,1.49,True,36.48
274,Games,0.57,1.24,False,
275,Retail,0.42,-1.08,False,
276,Games,0.27,0.8,False,
277,Fintech,0.26,0.27,False,
278,Fintech,0.14,-0.19,False,
279,AI,1.39,-1.77,False,
280,Retail,0.78,-1.54,False,
281,AI,0.58,-0.36,False,
282,Health,0.68,-1.46,False,
283,Health,0.71,-0.34,False,
284,AI,0.3,0.71,False,
285,Fintech,0.42,-0.58,False,
286,Games,0.37,0.08,False,
287,AI,4.03,-1.07,True,29.88
288,Retail,1.22,0.3,True,71.32
289,Retail,0.62,0.51,False,
290,AI,1.61,-1.42,False,
291,Retail,1.46,-0.75,False,
292,Fintech,0.18,-1.27,False,
293,AI,0.45,0.51,False,
294,Fintech,0.53,0.16,False,
295,Retail,0.88,-0.05,True,9.46
296,Games,0.45,-0.13,False,
297,Fintech,0.5,0.32,False,
298,Games,0.37,0.34,False,
299,Games,1.25,-0.5,False,
300,Games,0.17,-0.64,False,
301,Health,0.38,-0.06,True,18.87
302,Retail,0.12,-0.19,True,10.31
303,Games,0.24,2.06,True,26.76
304,AI,0.7,-0.38,False,
305,Retail,0.71,0.29,False,
306,Fintech,0.42,0.47,False,
307,Games,1.33,1.4,False,
308,Games,1.6,-0.81,False,
309,Fintech,0.51,1.34,True,4.26
310,AI,0.66,-0.15,True,56.76
311,Games,0.38,2.5,False,
312,Retail,0.89,0.36,False,
313,Retail,0.21,-1.23,False,
314,Games,2.27,-0.2,False,
315,Fintech,1.35,1.34,False,
316,Fintech,0.21,0.08,False,
317,Retail,0.29,-0.06,False,
318,Health,0.76,0.72,False,
319,Games,0.41,-0.34,False,
320,Fintech,0.84,-0.21,False,
321,AI,0.41,-0.94,False,
322,Games,1.83,1.73,True,18.38
323,Games,0.54,-1.22,False,
324,Games,3.75,0.17,False,
325,Fintech,0.88,0.48,False,
326,Retail,0.18,-0.01,False,
327,Health,2.87,-1.25,True,14.48
328,Retail,1.3,-1.0,False,
329,Games,0.73,0.52,False,
330,Health,0.91,-0.78,False,
331,Games,0.21,-2.07,False,
332,Health,0.13,0.39,True,38.29
333,Health,0.52,-0.87,False,
334,Games,1.63,0.63,True,13.48
335,AI,0.74,-0.2,False,
336,Retail,2.12,-0.25,False,
337,Fintech,1.55,0.05,True,24.49
338,Fintech,0.55,-1.14,False,
339,Retail,1.39,-0.83,False,
340,Fintech,1.83,-0.26,False,
341,Retail,0.51,-1.14,False,
342,Health,0.46,0.71,False,
343,Fintech,0.6,-0.31,False,
344,AI,0.08,-1.45,False,
345,AI,0.68,-0.56,False,
346,AI,0.96,0.1,False,
347,AI,0.61,-0.45,False,
348,Fintech,0.71,0.4,True,23.69
349,Fintech,0.52,0.57,True,7.13
350,Health,0.11,2.4,False,
351,Fintech,2.04,1.15,True,44.34
352,AI,0.4,-1.64,False,
353,AI,0.33,-0.36,False,
354,AI,1.6,-0.27,True,2.03
355,Fintech,1.18,0.58,False,
356,AI,0.67,-0.93,False,
357,Fintech,1.0,-0.53,False,
358,Retail,0.21,-1.24,False,
359,Fintech,0.51,-0.6,True,12.79
360,AI,1.52,-0.56,False,
361,Games,0.31,-0.31,False,
362,Health,0.24,-1.19,False,
363,AI,0.58,0.98,True,18.38
364,Retail,0.59,0.47,False,
365,Games,0.91,-1.45,True,26.81
366,Retail,0.18,0.03,False,
367,Retail,0.07,-1.57,False,
368,Games,1.13,1.34,True,12.23
369,Games,0.23,1.61,False,
370,Health,0.33,-0.06,False,
371,Retail,0.09,-0.85,False,
372,Health,1.22,-0.66,False,
373,Fintech,0.72,-0.45,False,
374,AI,0.69,-0.11,False,
375,Games,0.69,1.37,True,21.55
376,Health,0.1,0.96,False,
377,Retail,0.25,0.97,False,
378,AI,0.38,0.17,True,17.15
379,Retail,0.3,-1.15,False,
380,AI,0.43,-0.77,False,
381,Games,0.66,0.06,False,
382,Fintech,1.21,-1.2,False,
383,Fintech,0.17,0.3,True,7.53
384,Health,0.54,0.81,True,12.57
385,Fintech,0.95,0.55,True,16.85
386,AI,0.26,0.51,False,
387,Retail,0.46,-1.87,False,
388,Fintech,0.78,1.33,False,
389,Games,0.55,-1.57,False,
390,Games,0.93,-0.15,False,
391,AI,0.58,0.62,True,6.38
392,Retail,0.42,0.36,True,21.71
393,Retail,0.21,-1.28,False,
394,Retail,0.66,-1.1,False,
395,Retail,0.59,0.29,False,
396,Games,0.24,0.51,True,14.0
397,Retail,0.86,-1.11,False,
398,AI,1.49,0.39,False,
399,AI,0.32,-1.52,False,
400,Games,0.3,0.62,False,
401,Fintech,0.29,-0.88,False,
402,Games,0.14,0.08,True,30.93
403,Fintech,2.69,-0.09,False,
404,Fintech,0.38,1.16,True,9.55
405,Retail,0.27,0.24,True,12.64
406,AI,0.22,-0.6,False,
407,AI,0.4,0.36,True,11.52
408,Games,0.31,2.14,True,14.5
409,Retail,1.71,0.74,False,
410,Retail,0.2,-0.06,False,
411,Fintech,0.16,-0.83,False,
412,Retail,0.84,-0.62,False,
413,Games,0.5,0.68,False,
414,Retail,0.45,-0.89,False,
415,AI,0.85,0.0,False,
416,Fintech,0.6,1.44,True,5.28
417,Health,0.52,0.15,False,
418,Health,0.18,-1.08,False,
419,AI,0.14,2.18,True,26.28
420,Health,0.31,1.76,True,8.41
421,Games,0.23,0.5,False,
422,Fintech,0.67,1.28,True,5.94
423,Health,0.13,-0.27,False,
424,Fintech,0.38,0.72,False,
425,Retail,0.47,-0.42,True,14.77
426,Games,0.52,-1.36,False,
427,Health,0.74,2.59,True,32.92
428,Retail,0.42,-1.41,False,
429,Games,0.32,0.3,False,
430,Fintech,1.46,0.29,True,147.98
431,Games,0.42,0.52,False,
432,Retail,1.68,-0.09,False,
433,AI,0.42,-0.08,False,
434,Games,0.53,0.14,False,
435,AI,0.48,0.48,True,17.87
436,Retail,0.65,-0.0,True,16.57
437,Games,0.39,-0.07,False,
438,Retail,0.58,-1.32,False,
439,Games,1.84,2.01,False,
440,AI,1.25,0.54,True,10.35
441,Health,1.26,0.21,False,
442,Retail,0.18,-0.62,False,
443,Fintech,0.21,-1.0,False,
444,AI,0.64,0.86,False,
445,Games,1.0,-0.16,True,101.41
446,Health,0.36,0.62,False,
447,AI,0.31,-1.35,False,
448,Fintech,1.65,1.55,True,11.99
449,Fintech,0.94,0.9,True,4.06
450,Games,1.26,-0.08,False,
451,Health,0.38,0.47,True,15.43
452,Health,0.36,0.74,False,
453,Retail,1.15,-1.34,False,
454,Fintech,0.44,1.68,False,
455,Games,0.33,0.48,False,
456,Fintech,0.26,-0.7,False,
457,Health,0.36,-1.1,False,
458,Health,1.09,0.99,False,
459,Games,0.16,0.21,False,
460,Retail,0.89,0.48,False,
461,Fintech,0.31,0.03,True,11.42
462,AI,0.46,-1.0,False,
463,Health,0.48,0.51,False,
464,Health,0.45,-0.2,False,
465,Fintech,0.43,-0.02,False,
466,Retail,0.38,2.38,True,5.33
467,Retail,0.34,0.87,False,
468,Health,1.55,0.93,False,
469,Health,0.55,2.72,True,8.14
470,AI,0.49,0.38,False,
471,Health,0.32,0.12,False,
472,Games,0.39,-0.68,True,20.54
473,Retail,0.32,-0.45,False,
474,Health,1.0,-2.05,True,19.28
475,AI,0.3,0.79,False,
476,AI,0.09,-1.27,False,
477,AI,0.57,0.9,True,11.47
478,Retail,0.43,-0.04,False,
479,Retail,0.34,0.13,True,18.99
480,Retail,1.12,-0.04,False,
481,Retail,0.06,1.39,False,
482,AI,1.91,1.21,True,9.76
483,Games,1.26,-0.03,False,
484,Games,0.33,-0.9,False,
485,Fintech,0.38,0.92,False,
486,Health,0.81,-0.97,False,
487,Games,0.83,-1.55,False,
488,Retail,0.33,0.5,False,
489,AI,0.15,1.22,False,
490,Retail,2.93,-0.41,False,
491,Retail,1.16,0.4,False,
492,Retail,0.61,-0.42,False,
493,AI,0.62,0.72,False,
494,Fintech,0.89,1.1,True,8.21
495,Games,0.98,-0.26,False,
496,Fintech,0.1,-1.03,False,
497,AI,0.41,-1.46,False,
498,Retail,0.38,0.93,True,92.29
499,AI,0.47,-1.14,True,18.01
500,Health,1.0,0.37,False,
501,Retail,0.13,0.78,True,33.8
502,Health,0.18,-0.5,False,
503,Retail,0.31,-0.17,False,
504,Health,0.61,1.0,True,7.7
505,Fintech,1.05,-0.81,False,
506,AI,1.99,-0.91,True,35.6
507,Fintech,0.43,-0.23,False,
508,Fintech,1.05,1.28,True,52.75
509,Retail,0.95,1.61,False,
510,Retail,0.83,-0.1,False,
511,AI,0.53,-0.71,False,
512,AI,0.39,1.06,True,108.01
513,Games,0.23,-1.67,False,
514,Health,0.22,0.25,False,
515,Fintech,0.71,-0.04,False,
516,Fintech,0.52,1.29,False,
517,Fintech,0.39,1.4,True,96.42
518,Health,0.92,-0.94,False,
519,AI,0.46,0.17,False,
520,Games,0.26,-0.57,False,
521,Fintech,0.44,-0.29,False,
522,Health,1.04,0.62,False,
523,Health,0.24,-0.33,True,11.75
524,Fintech,0.64,0.19,False,
525,Retail,0.52,0.96,False,
526,Games,0.29,1.52,False,
527,Retail,0.43,0.29,False,
528,Health,0.15,0.12,False,
529,Health,0.59,-1.11,False,
530,Fintech,0.18,1.59,True,20.22
531,Health,1.27,0.5,False,
532,Games,0.5,0.14,True,38.99
533,Health,0.34,0.09,False,
534,AI,1.37,0.36,True,21.06
535,Fintech,0.24,0.77,False,
536,AI,0.3,0.9,False,
537,Fintech,0.13,1.61,False,
538,Games,1.54,0.24,False,
539,Retail,2.42,1.75,False,
540,AI,0.14,1.06,False,
541,AI,0.28,-0.06,False,
542,Fintech,0.57,-1.67,False,
543,AI,0.36,0.09,False,
544,Games,0.53,1.56,False,
545,AI,0.49,-0.78,False,
546,Retail,0.75,0.08,False,
547,Retail,0.25,0.17,False,
548,Health,0.63,0.94,False,
549,Retail,0.22,-0.39,True,98.6
550,Games,0.39,-0.87,False,
551,Retail,0.13,0.57,False,
552,Fintech,0.39,-0.74,False,
553,Retail,0.34,-1.84,False,
554,AI,1.15,1.84,True,29.94
555,Fintech,0.52,0.93,False,
556,Retail,0.6,1.88,True,20.47
557,Fintech,0.53,0.87,True,33.23
558,Fintech,0.1,0.68,False,
559,AI,0.11,0.37,False,
560,AI,0.42,-0.19,True,16.29
561,Fintech,0.68,0.51,False,
562,Health,0.45,-0.55,False,
563,Health,0.27,-1.07,True,61.74
564,Retail,0.45,-0.33,True,21.51
565,AI,0.42,1.29,True,10.95
566,Retail,1.01,-1.23,False,
567,Health,0.96,-1.22,True,8.84
568,Retail,0.35,0.59,False,
569,Retail,0.52,-0.42,False,
570,Retail,0.67,0.49,False,
571,AI,0.76,0.99,False,
572,Health,2.03,0.46,False,
573,Retail,0.53,-0.63,False,
574,Games,1.38,1.28,True,7.32
575,AI,0.21,0.74,False,
576,Games,0.32,0.03,True,2.99
577,Retail,0.1,-0.02,True,42.4
578,Fintech,0.61,0.37,False,
579,Games,0.91,-0.31,False,
580,Retail,0.07,-1.63,False,
581,Health,0.63,0.75,True,19.4
582,AI,0.88,0.69,False,
583,Health,0.84,-2.3,False,
584,Games,0.21,0.51,True,27.08
585,Health,1.0,1.76,False,
586,Games,0.54,-1.13,False,
587,Health,0.87,-0.07,True,25.62
588,Retail,0.49,-0.18,False,
589,Retail,0.73,1.66,False,
590,Retail,1.31,1.12,False,
591,Health,0.46,-0.88,True,8.66
592,AI,0.68,0.34,False,
593,Games,1.47,2.3,False,
594,AI,0.49,-0.62,False,
595,Health,0.22,-0.01,False,
596,AI,0.93,0.51,False,
597,Health,1.7,-0.61,False,
598,Games,1.52,1.76,True,24.8
599,Health,0.96,-0.47,False,
600,Health,0.08,-1.39,False,
601,AI,0.32,-0.52,False,
602,Fintech,0.34,0.65,True,36.42
603,Health,0.56,-0.8,False,
604,Retail,2.09,0.3,True,31.63
605,Retail,0.23,0.56,True,6.1
606,Retail,3.25,-1.21,False,
607,AI,0.4,-0.56,True,33.01
608,Fintech,0.29,0.35,False,
609,Health,1.06,0.7,False,
610,Games,1.13,-0.54,False,
611,Games,0.91,0.15,False,
612,Retail,0.29,-0.28,False,
613,Health,0.81,0.73,True,10.23
614,Health,0.24,0.52,True,12.38
615,Retail,0.29,-0.37,False,
616,Fintech,0.5,0.48,False,
617,Retail,0.28,-0.41,True,6.68
618,Games,1.25,0.46,True,26.78
619,AI,0.34,0.47,True,4.37
620,Retail,0.45,2.37,False,
621,Retail,0.27,-0.34,True,13.2
622,Retail,1.24,-0.14,False,
623,AI,0.32,-0.65,True,5.43
624,AI,1.35,-1.03,True,21.11
625,Games,1.27,-0.46,False,
626,AI,0.38,0.67,False,
627,AI,0.55,0.74,True,46.78
628,Health,0.37,0.3,True,18.05
629,AI,0.84,-0.3,False,
630,Games,0.46,-0.49,False,
631,Health,0.39,-0.92,False,
632,AI,0.56,-0.56,False,
633,Health,0.15,-1.3,False,
634,AI,0.51,1.36,False,
635,AI,0.91,1.84,True,11.01
636,Health,0.6,-1.94,True,10.98
637,Health,1.16,0.29,False,
638,Fintech,0.4,0.27,False,
639,Games,0.37,0.21,True,30.16
640,Fintech,0.22,-0.59,False,
641,Games,0.39,1.02,False,
642,Fintech,2.6,0.41,False,
643,Games,0.67,1.03,False,
644,Health,0.34,-0.74,False,
645,AI,0.24,-1.38,False,
646,Games,0.15,0.43,False,
647,Retail,0.28,-0.96,False,
648,AI,0.99,1.05,False,
649,Games,0.38,-2.13,False,
650,Retail,0.25,-0.47,False,
651,AI,0.27,-0.62,False,
652,Retail,0.91,-0.33,True,48.57
653,Health,0.51,0.26,False,
654,Games,0.33,0.4,False,
655,Retail,0.42,0.64,False,
656,Retail,3.16,0.75,False,
657,Games,1.43,-0.17,False,
658,Games,1.75,2.11,True,32.18
659,Fintech,0.13,1.39,False,
660,Fintech,0.48,-0.31,False,
661,Retail,0.32,-0.14,False,
662,Fintech,0.83,-0.33,True,10.19
663,Retail,1.26,0.36,False,
664,AI,0.7,-0.97,True,10.67
665,Fintech,0.27,-0.79,False,
666,AI,0.32,-2.17,False,
667,Health,0.89,-0.4,False,
668,AI,0.96,1.06,False,
669,Fintech,0.6,-0.15,False,
670,Retail,0.6,-0.1,True,12.64
671,Retail,0.56,0.28,False,
672,Retail,0.67,-1.0,False,
673,AI,0.96,0.03,False,
674,Fintech,0.89,0.89,True,13.51
675,Games,0.55,0.31,False,
676,AI,0.52,0.98,False,
677,Health,0.5,1.26,False,
678,Retail,0.29,0.66,True,3.92
679,AI,0.29,-0.71,False,
680,Retail,0.83,-0.34,True,10.49
681,AI,0.31,1.93,False,
682,AI,1.04,0.31,True,42.33
683,AI,0.52,0.18,False,
684,Retail,1.04,-0.86,False,
685,Games,0.9,-0.09,False,
686,Retail,1.06,0.72,False,
687,Fintech,0.37,0.01,False,
688,Retail,0.75,-0.52,True,3.33
689,Games,0.98,-0.29,False,
690,Games,0.16,1.19,False,
691,Retail,2.11,0.67,False,
692,Retail,3.31,0.53,True,14.87
693,Games,1.15,0.44,False,
694,AI,1.03,-1.18,False,
695,Retail,0.87,0.27,False,
696,Fintech,0.42,1.07,False,
697,Retail,0.49,-0.26,False,
698,Fintech,1.17,0.98,True,15.89
699,AI,0.25,0.55,False,
700,Fintech,0.23,0.83,True,6.59
701,Health,0.39,0.05,False,
702,Fintech,0.91,0.89,True,13.81
703,Retail,0.27,-1.46,False,
704,Games,0.45,0.03,True,17.05
705,Fintech,0.5,0.71,True,15.22
706,Health,0.24,0.3,False,
707,Retail,0.08,1.1,True,20.94
708,Retail,0.24,-0.16,True,14.28
709,Fintech,0.67,-0.55,False,
710,Retail,0.8,-1.64,False,
711,AI,0.8,-0.27,False,
712,Games,0.88,0.52,False,
713,Retail,0.33,0.76,True,21.3
714,Health,0.28,-1.4,False,
715,AI,0.73,1.18,True,11.09
716,Games,0.46,-0.97,False,
717,Fintech,1.12,-0.12,False,
718,AI,0.73,-0.57,False,
719,AI,1.51,0.42,False,
720,Retail,0.37,0.09,False,
721,AI,1.27,0.68,False,
722,Health,2.75,1.84,True,27.6
723,Retail,0.56,0.4,False,
724,Retail,0.81,-0.58,False,
725,Health,0.26,0.46,True,11.55
726,Health,1.1,1.95,True,16.68
727,AI,1.33,0.66,False,
728,Health,0.36,0.95,True,24.54
729,AI,0.86,-1.59,False,
730,AI,0.68,0.39,False,
731,AI,0.74,-0.27,False,
732,Games,1.03,-0.68,True,25.88
733,AI,0.82,-0.02,False,
734,AI,0.48,0.11,True,7.64
735,Retail,1.05,-0.62,False,
736,AI,1.32,0.19,False,
737,Games,0.35,-0.17,False,
738,Health,0.54,0.7,False,
739,Health,0.13,0.23,False,
740,AI,0.86,0.38,False,
741,AI,1.44,0.98,True,21.57
742,Retail,0.44,0.55,False,
743,Health,0.6,-0.01,False,
744,AI,0.45,-2.09,False,
745,Fintech,0.4,0.51,False,
746,Health,0.65,-0.91,True,34.32
747,AI,0.29,-0.09,False,
748,Health,0.45,0.37,False,
749,Health,0.26,1.33,True,6.49
750,Games,0.87,1.84,False,
751,Retail,0.65,-0.92,False,
752,Health,0.38,-1.32,False,
753,Retail,0.56,0.33,False,
754,Health,0.45,0.24,False,
755,Health,1.35,-1.2,False,
756,Games,0.38,-0.02,True,14.47
757,Games,0.9,0.6,False,
758,AI,0.31,-1.23,True,24.72
759,Retail,1.04,-0.99,False,
760,Retail,1.24,-0.64,False,
761,Fintech,1.29,-0.21,True,5.96
762,Health,1.75,0.69,True,7.58
763,Retail,0.68,-0.33,False,
764,Retail,1.45,0.06,True,13.82
765,Games,1.98,2.25,False,
766,AI,0.22,-0.96,False,
767,Games,0.33,-0.65,False,
768,AI,0.16,0.68,True,13.64
769,Games,1.26,0.99,True,10.45
770,Games,0.16,0.41,True,11.88
771,Games,0.13,1.81,False,
772,AI,0.22,0.32,False,
773,Health,0.13,-1.98,False,
774,Games,0.67,0.1,False,
775,Fintech,0.23,-0.57,False,
776,AI,0.14,1.38,True,13.27
777,Fintech,0.52,0.96,False,
778,Retail,0.55,-1.59,True,12.91
779,Health,0.12,1.35,True,52.27
780,Games,0.31,0.94,False,
781,Health,0.51,-0.32,True,13.02
782,Retail,0.41,-0.08,False,
783,Health,0.42,1.39,False,
784,AI,1.39,-1.97,False,
785,AI,3.01,0.45,True,4.46
786,AI,0.42,1.09,False,
787,Retail,0.19,-0.09,False,
788,Games,0.45,0.65,True,3.75
789,Retail,0.63,0.1,False,
790,Games,0.52,-0.78,True,41.05
791,Retail,0.88,-0.81,False,
792,Retail,3.17,0.71,False,
793,Games,0.14,-0.64,False,
794,Fintech,0.36,-1.52,False,
795,AI,1.85,0.12,True,16.18
796,Games,0.36,-0.51,True,8.62
797,Retail,1.02,-1.2,False,
798,Health,0.9,0.07,False,
799,Fintech,1.45,0.77,False,
800,Games,2.5,0.02,True,45.48
801,Health,0.71,-1.07,False,
802,Fintech,0.13,0.48,False,
803,Retail,0.31,1.04,True,21.9
804,Health,3.11,2.21,True,21.48
805,Fintech,0.17,1.44,False,
806,Fintech,0.8,-1.01,False,
807,Health,0.07,0.86,False,
808,Health,0.18,0.26,False,
809,AI,1.1,-1.15,False,
810,Games,0.56,0.28,False,
811,Games,0.4,1.92,False,
812,AI,0.28,1.2,False,
813,Health,0.11,-1.01,False,
814,Health,0.94,0.01,False,
815,Fintech,0.43,0.49,False,
816,Fintech,0.16,-1.73,False,
817,Fintech,0.55,-1.7,False,
818,Health,0.86,0.15,False,
819,Retail,0.46,0.17,False,
820,Health,0.59,-1.84,False,
821,Retail,0.56,0.39,False,
822,Fintech,0.31,1.09,False,
823,Games,0.56,-0.22,False,
824,Health,0.97,0.06,True,9.06
825,Retail,1.24,0.57,True,7.0
826,Retail,1.02,0.44,True,38.77
827,Health,0.31,-1.67,True,4.44
828,Health,0.9,-0.91,False,
829,Retail,0.78,-0.4,True,3.61
830,Retail,0.31,-0.86,False,
831,Retail,0.37,1.47,True,10.32
832,AI,0.93,0.63,False,
833,AI,1.63,-1.11,False,
834,Health,0.13,-0.21,False,
835,Games,2.01,1.13,False,
836,AI,1.37,-0.65,False,
837,Fintech,0.63,0.85,False,
838,Games,0.45,1.38,False,
839,Fintech,0.74,1.22,True,20.09
840,Games,0.32,0.18,False,
841,Fintech,0.47,1.25,False,
842,Retail,0.17,-0.52,False,
843,Fintech,0.13,2.49,False,
844,Games,3.49,0.24,False,
845,Health,0.57,1.15,True,15.74
846,Fintech,0.64,-0.36,True,13.43
847,Health,0.53,0.5,False,
848,Retail,0.28,0.54,True,51.75
849,Health,0.42,-0.93,False,
850,AI,0.58,-0.96,False,
851,Games,0.46,-0.2,False,
852,AI,0.3,1.11,True,4.69
853,Health,0.79,-1.83,False,
854,Health,0.63,-0.36,False,
855,Health,0.74,1.31,False,
856,AI,0.95,-1.23,False,
857,Fintech,0.47,1.25,False,
858,AI,0.47,-1.13,False,
859,Health,1.77,-0.92,False,
860,Games,0.25,-0.15,False,
861,Games,0.12,1.87,False,
862,AI,0.84,-0.64,False,
863,AI,0.33,-1.73,False,
864,Games,0.23,-1.4,False,
865,Health,1.1,0.93,False,
866,Retail,0.48,-1.35,False,
867,Fintech,0.2,1.19,False,
868,AI,2.54,0.07,False,
869,Fintech,0.15,-0.03,False,
870,Games,0.5,0.3,False,
871,Health,0.12,-0.8,False,
872,AI,0.67,0.14,False,
873,AI,0.32,-1.19,False,
874,Games,1.04,1.35,False,
875,Fintech,0.53,-1.03,False,
876,Games,1.59,0.44,False,
877,Fintech,0.38,-1.03,False,
878,Fintech,0.15,-0.53,False,
879,Fintech,0.65,-0.37,False,
880,Retail,0.44,2.98,True,9.3
881,AI,0.13,-0.01,False,
882,AI,0.23,-0.82,False,
883,Retail,0.3,-0.44,False,
884,AI,1.88,-1.5,False,
885,Fintech,0.95,-0.16,False,
886,Fintech,0.41,1.85,False,
887,Games,0.79,0.34,False,
888,Health,0.11,0.9,True,30.96
889,Retail,0.34,-0.91,False,
890,Games,0.74,-0.2,False,
891,Health,0.62,0.2,False,
892,Fintech,0.35,-0.73,False,
893,Retail,0.52,0.4,False,
894,Retail,0.71,0.62,True,8.61
895,Retail,0.54,0.54,False,
896,AI,1.08,-0.15,True,106.52
897,Games,0.7,1.09,True,16.08
898,Games,0.81,-0.26,False,
899,Retail,2.13,-0.35,False,
900,Fintech,1.05,1.44,True,90.9
901,Retail,2.18,-1.11,False,
902,Games,0.32,-1.7,False,
903,Retail,0.15,-0.87,False,
904,Games,0.48,0.39,False,
905,Retail,0.45,1.28,False,
906,Fintech,1.74,-0.66,False,
907,AI,0.22,1.81,False,
908,Fintech,0.51,0.03,False,
909,Retail,0.75,-0.12,False,
910,AI,0.59,-0.85,False,
911,Games,0.47,1.95,False,
912,Retail,0.72,-0.15,False,
913,Retail,1.28,-1.33,True,19.54
914,Games,1.85,2.46,False,
915,Retail,0.55,0.39,False,
916,AI,0.28,0.8,True,26.34
917,Health,1.84,1.68,True,30.17
918,Health,0.23,0.61,False,
919,Retail,2.26,0.97,False,
920,Fintech,1.58,0.05,True,7.01
921,AI,1.78,0.73,True,38.9
922,Games,0.94,-0.03,True,7.37
923,Health,0.1,-0.02,False,
924,Retail,0.24,0.12,False,
925,Health,0.69,-0.4,False,
926,Retail,0.31,0.5,False,
927,Health,0.42,0.5,False,
928,Retail,0.88,0.82,False,
929,Games,0.47,0.64,True,5.84
930,Fintech,0.2,2.0,True,13.86
931,Fintech,1.1,1.05,False,
932,Retail,0.82,-0.21,True,24.4
933,Fintech,0.44,0.45,False,
934,Games,0.95,1.41,False,
935,AI,0.58,-0.95,False,
936,Retail,1.57,2.01,False,
937,Fintech,0.61,-0.77,False,
938,Games,1.56,0.9,False,
939,Health,0.12,0.01,True,24.49
940,Fintech,0.78,-0.05,False,
941,Health,0.39,-1.3,False,
942,Retail,0.27,0.91,False,
943,Games,1.37,-1.29,False,
944,Retail,1.1,-1.44,False,
945,Retail,0.11,1.16,True,7.7
946,Games,0.96,1.79,False,
947,Health,0.87,-0.67,True,12.06
948,Retail,0.3,1.0,False,
949,Health,0.28,0.8,True,23.72
950,Health,0.15,-0.09,False,
951,Retail,0.41,1.34,False,
952,Retail,0.47,-0.16,False,
953,Health,1.02,0.52,False,
954,AI,0.67,-1.25,False,
955,Games,0.23,-1.21,False,
956,Games,0.65,1.17,False,
957,Fintech,0.44,0.55,False,
958,Games,0.26,-0.14,False,
959,Health,0.15,1.91,False,
960,Fintech,0.89,1.9,True,15.68
961,Games,0.77,0.44,True,9.85
962,Fintech,0.84,-1.46,True,11.17
963,Retail,0.3,-0.11,False,
964,AI,0.62,-0.83,False,
965,Retail,0.18,0.09,False,
966,Fintech,0.25,-0.94,True,6.29
967,Retail,0.56,-1.2,True,18.62
968,Retail,0.67,-2.26,False,
969,Fintech,0.15,0.17,True,3.99
970,Retail,0.23,-2.3,False,
971,Health,0.4,-0.32,False,
972,Health,1.16,0.69,False,
973,Retail,0.28,-0.72,False,
974,Retail,0.6,-1.08,False,
975,Games,0.66,-0.07,False,
976,Retail,0.44,-0.83,False,
977,Fintech,0.67,0.19,False,
978,Fintech,0.18,-1.03,False,
979,AI,0.32,-0.1,False,
980,Fintech,1.7,-0.35,True,6.13
981,Games,1.8,-0.01,False,
982,Fintech,1.06,1.64,False,
983,Health,1.3,0.2,False,
984,AI,0.13,0.5,False,
985,Fintech,0.25,-0.62,False,
986,Games,0.42,0.22,False,
987,AI,3.73,-0.27,False,
988,Games,0.42,0.03,False,
989,Retail,0.98,0.65,False,
990,Health,0.73,-0.5,False,
991,Retail,0.72,-0.4,False,
992,Retail,0.53,-0.49,True,15.49
993,AI,0.21,-0.51,False,
994,Games,0.06,0.17,True,22.03
995,Fintech,1.51,-0.36,False,
996,Health,0.33,1.5,False,
997,Games,0.12,2.68,False,
998,Games,0.77,-0.57,False,
999,Retail,0.76,0.29,False,
1000,Games,1.0,1.04,False,
1001,Retail,1.32,-0.27,True,22.18
1002,Games,0.26,-0.99,False,
1003,AI,0.27,1.74,True,10.99
1004,AI,0.42,0.69,False,
1005,Health,1.04,0.32,False,
1006,Games,0.1,1.45,True,8.04
1007,AI,0.6,0.77,False,
1008,Health,1.14,-0.05,False,
1009,Fintech,1.1,-0.98,False,
1010,Health,0.95,-0.49,False,
1011,Fintech,1.26,1.2,False,
1012,Fintech,0.06,0.68,True,8.28
1013,AI,1.96,-0.19,False,
1014,Fintech,0.7,1.77,False,
1015,Health,1.57,-0.16,False,
1016,Retail,0.21,0.99,True,15.98
1017,Fintech,0.13,0.22,False,
1018,Health,2.26,1.93,False,
1019,Health,0.26,0.75,False,
1020,Games,0.42,0.05,False,
1021,Fintech,0.82,-0.18,False,
1022,AI,1.0,-0.02,False,
1023,Retail,1.28,-0.73,False,
1024,Retail,0.65,-1.37,False,
1025,Health,0.23,0.31,False,
1026,Games,0.95,-0.53,False,
1027,AI,0.96,-0.54,False,
1028,AI,0.13,-0.09,False,
1029,AI,1.68,0.05,False,
1030,Games,0.07,0.01,False,
1031,Fintech,1.24,1.74,True,18.54
1032,AI,0.33,0.66,False,
1033,AI,0.95,2.11,False,
1034,AI,0.81,-0.44,False,
1035,Health,0.52,0.78,False,
1036,Health,0.78,-0.38,False,
1037,Health,0.5,-0.56,False,
1038,Health,0.96,2.15,True,8.49
1039,Health,3.1,-0.77,True,10.65
1040,Retail,0.18,-2.23,False,
1041,Fintech,0.04,-0.71,False,
1042,Fintech,0.39,-2.01,False,
1043,Retail,0.37,-0.95,True,51.7
1044,Games,0.4,-0.86,False,
1045,Health,0.26,0.04,False,
1046,Fintech,1.09,-2.05,False,
1047,AI,0.18,1.2,False,
1048,AI,0.78,-1.88,True,7.91
1049,Retail,0.9,-0.13,True,69.54
1050,Games,0.7,-0.32,False,
1051,AI,0.8,0.83,True,22.46
1052,AI,1.15,0.35,False,
1053,Fintech,0.56,1.19,False,
1054,Fintech,0.41,-0.36,False,
1055,Health,0.8,-0.46,False,
1056,Fintech,0.87,0.41,False,
1057,Retail,1.1,1.03,False,
1058,Games,0.14,0.83,False,
1059,Retail,0.47,0.32,True,4.04
1060,Retail,0.23,0.23,True,15.67
1061,Retail,0.85,-0.04,True,21.47
1062,Retail,0.97,0.41,False,
1063,Fintech,0.43,2.03,False,
1064,Fintech,0.3,-0.24,True,3.85
1065,AI,0.87,-0.36,True,11.8
1066,Games,0.49,-0.44,False,
1067,Games,1.69,0.39,False,
1068,AI,2.23,-2.12,True,4.91
1069,Retail,1.2,-0.14,False,
1070,Retail,0.65,0.88,False,
1071,Games,2.33,-0.53,False,
1072,Health,0.66,0.19,False,
1073,AI,0.37,2.11,False,
1074,Health,0.31,0.33,False,
1075,AI,0.31,-2.24,False,
1076,Games,0.54,-1.41,False,
1077,Fintech,0.78,-0.25,False,
1078,Fintech,0.17,-0.8,False,
1079,Health,0.38,0.1,False,
1080,Games,0.64,-0.29,True,108.37
1081,Fintech,0.9,1.17,True,45.63
1082,Retail,0.53,-1.09,False,
1083,AI,0.66,-0.21,True,16.24
1084,Retail,0.2,0.22,False,
1085,AI,0.26,0.34,False,
1086,Fintech,0.51,0.15,False,
1087,Retail,0.81,-2.41,False,
1088,Games,0.65,0.08,False,
1089,Games,0.27,-0.15,True,17.73
1090,Games,0.45,0.86,True,21.99
1091,Health,1.81,0.72,False,
1092,Retail,0.84,0.24,True,7.67
1093,AI,0.47,0.31,False,
1094,Retail,0.24,1.35,False,
1095,Retail,0.31,1.15,False,
1096,Retail,0.54,0.28,False,
1097,Games,0.67,2.15,True,8.45
1098,Games,0.85,-0.63,False,
1099,Health,0.74,-1.19,False,
1100,Fintech,0.4,-0.01,False,
1101,Retail,0.36,-0.37,True,22.62
1102,Games,2.78,-2.47,True,57.68
1103,Health,0.35,-0.65,True,22.84
1104,Retail,0.19,0.34,True,37.48
1105,AI,0.15,-0.06,True,9.01
1106,Retail,0.41,-0.78,False,
1107,Retail,1.15,0.04,True,3.36
1108,Fintech,0.34,0.12,True,13.08
1109,AI,1.76,0.72,False,
1110,Games,0.54,-0.64,False,
1111,AI,1.31,0.87,True,5.45
1112,Retail,0.29,-1.09,False,
1113,AI,0.3,-0.5,False,
1114,Fintech,0.58,1.7,False,
1115,AI,0.79,-1.02,False,
1116,Retail,0.47,-0.66,False,
1117,Health,0.68,-1.25,False,
1118,Retail,0.87,-0.83,False,
1119,Retail,0.17,0.14,True,29.12
1120,Games,0.41,0.71,False,
1121,Fintech,0.36,-0.02,False,
1122,AI,0.37,-0.32,False,
1123,Retail,0.75,-1.24,True,8.81
1124,Fintech,0.36,-0.73,False,
1125,Retail,0.11,-1.55,False,
1126,Retail,0.45,0.74,True,24.73
1127,Games,0.23,0.81,False,
1128,Games,0.8,-0.04,False,
1129,Retail,1.03,0.44,False,
1130,Retail,0.09,0.88,True,50.48
1131,Games,0.29,0.1,False,
1132,Health,0.72,1.39,False,
1133,Health,0.18,-1.02,False,
1134,Fintech,1.01,-0.35,False,
1135,Retail,1.25,-0.47,False,
1136,Games,0.47,0.65,False,
1137,Retail,0.29,-1.43,False,
1138,AI,0.09,1.45,True,29.53
1139,Retail,1.04,0.56,True,18.5
1140,Health,2.68,1.75,False,
1141,Games,2.27,-0.04,False,
1142,AI,0.46,-0.55,False,
1143,Retail,0.23,0.66,True,41.45
1144,Games,1.06,1.03,False,
1145,Health,0.49,-0.71,True,11.24
1146,Fintech,0.79,-2.0,False,
1147,Fintech,0.69,-1.83,False,
1148,Fintech,0.58,0.26,False,
1149,AI,1.23,1.54,False,
1150,Health,1.27,-1.3,False,
1151,Health,0.36,-0.27,False,
1152,Health,0.26,-0.35,False,
1153,Games,0.07,1.92,True,5.59
1154,Health,0.41,2.26,False,
1155,AI,0.23,0.42,True,24.39
1156,Retail,0.76,0.9,False,
1157,Health,0.41,0.87,False,
1158,Games,0.45,-1.28,False,
1159,Retail,1.03,0.7,False,
1160,Retail,0.74,-1.02,False,
1161,Health,0.49,-0.17,False,
1162,Health,2.08,1.14,False,
1163,Retail,0.98,0.08,False,
1164,Retail,0.39,1.1,False,
1165,AI,0.4,1.3,True,14.38
1166,Games,1.02,-1.76,False,
1167,Retail,0.64,-2.18,False,
1168,Retail,0.22,1.16,True,30.35
1169,AI,1.11,1.2,False,
1170,Health,1.48,0.26,False,
1171,Health,1.39,0.39,False,
1172,Fintech,1.86,0.89,False,
1173,Games,2.83,0.87,True,25.89
1174,Health,2.16,-0.3,False,
1175,Fintech,0.71,0.96,True,15.0
1176,Fintech,0.46,-0.35,False,
1177,Retail,0.13,0.24,True,12.3
1178,Retail,0.55,0.2,True,5.0
1179,Retail,0.82,-0.86,False,
1180,Retail,0.56,-0.74,False,
1181,Retail,0.12,2.23,False,
1182,Health,0.43,-0.89,False,
1183,AI,0.91,0.37,False,
1184,Retail,0.24,0.58,False,
1185,Games,0.62,-0.05,False,
1186,Fintech,0.76,0.67,False,
1187,Retail,1.32,0.33,True,8.66
1188,Fintech,2.13,-0.87,False,
1189,Retail,0.4,0.54,False,
1190,Games,0.63,-0.54,False,
1191,AI,0.64,1.74,False,
1192,Retail,0.91,0.43,True,14.72
1193,Retail,0.83,-0.7,False,
1194,Games,1.69,0.34,True,33.71
1195,Games,0.08,-0.92,False,
1196,Fintech,0.75,0.26,False,
1197,Fintech,0.8,-0.23,False,
1198,AI,0.45,-0.83,True,10.71
1199,AI,0.09,-0.84,False,
1200,Fintech,0.51,2.43,True,17.41
1201,Health,0.31,0.09,False,
1202,AI,2.07,-0.43,False,
1203,Health,0.73,-0.6,False,
1204,Fintech,0.29,0.47,False,
1205,Fintech,0.1,-0.64,False,
1206,Retail,0.87,-1.09,False,
1207,Retail,0.94,-0.03,False,
1208,Retail,0.45,-0.04,False,
1209,AI,0.88,-0.42,False,
1210,Games,0.41,-0.89,False,
1211,AI,1.27,-0.39,False,
1212,Health,1.2,-0.47,False,
1213,Retail,0.15,-0.61,False,
1214,Fintech,0.18,0.28,False,
1215,Retail,2.74,2.23,False,
1216,Games,1.14,1.33,True,8.49
1217,Fintech,0.2,1.94,False,
1218,AI,0.15,-0.57,False,
1219,Retail,0.64,1.67,True,35.98
1220,Health,0.22,0.23,False,
1221,AI,0.42,0.99,False,
1222,AI,0.52,0.46,True,17.77
1223,Retail,0.5,-0.34,False,
1224,Fintech,1.33,0.72,False,
1225,Retail,2.35,0.48,True,40.61
1226,Games,0.37,-1.77,True,5.85
1227,Fintech,0.22,-0.12,False,
1228,Fintech,0.74,0.87,False,
1229,Retail,1.99,0.28,False,
1230,Health,0.39,0.47,False,
1231,AI,1.07,-0.75,True,28.02
1232,Fintech,0.28,0.26,False,
1233,Retail,0.55,-0.1,True,10.19
1234,Games,0.21,-0.2,False,
1235,Health,0.55,-0.68,False,
1236,Fintech,0.49,0.91,True,21.33
1237,Health,0.88,0.35,False,
1238,Retail,2.24,0.24,False,
1239,AI,0.4,2.05,False,
1240,Retail,0.11,0.47,False,
1241,Retail,0.46,1.2,True,10.91
1242,Fintech,0.69,0.27,False,
1243,Retail,0.64,-0.35,False,
1244,Games,0.48,-1.06,False,
1245,Games,1.78,0.24,True,9.81
1246,AI,0.6,-2.66,False,
1247,Retail,0.5,0.27,False,
1248,Health,0.29,0.32,False,
1249,Retail,0.13,-0.22,False,
1250,Fintech,0.7,-0.09,False,
1251,Fintech,0.66,-1.25,False,
1252,Retail,0.23,1.39,True,9.39
1253,Health,0.52,-0.34,False,
1254,AI,0.48,-0.97,True,24.68
1255,Retail,0.33,0.54,True,15.49
1256,Fintech,0.29,0.11,True,10.14
1257,Retail,0.75,-0.36,False,
1258,Retail,0.45,-0.46,False,
1259,AI,0.34,-0.01,False,
1260,Games,0.27,1.35,False,
1261,Retail,0.49,0.47,False,
1262,Retail,1.13,-0.03,False,
1263,Health,0.64,0.85,True,31.66
1264,Games,0.45,0.03,False,
1265,Games,0.69,0.4,True,24.15
1266,Fintech,1.61,0.15,False,
1267,Games,0.8,0.59,False,
1268,Fintech,0.67,-0.44,False,
1269,Fintech,0.9,-1.14,False,
1270,Health,0.48,0.91,False,
1271,Retail,0.63,1.5,True,24.34
1272,Fintech,0.37,-1.09,False,
1273,Fintech,0.16,0.18,True,39.77
1274,AI,0.71,-0.45,True,4.62
1275,AI,0.71,0.88,True,15.35
1276,Retail,0.43,0.25,False,
1277,Health,1.24,3.33,False,
1278,AI,0.3,-0.3,False,
1279,Retail,0.13,1.54,True,6.25
1280,AI,0.31,1.63,False,
1281,Health,0.16,0.53,False,
1282,Retail,0.71,0.04,True,7.69
1283,Retail,0.3,0.09,False,
1284,AI,1.19,0.01,False,
1285,Games,1.17,1.13,True,32.64
1286,Games,0.26,-0.87,False,
1287,Games,0.28,-0.16,False,
1288,Fintech,0.83,-0.28,False,
1289,Retail,1.18,-1.73,True,25.5
1290,Health,0.11,0.86,True,11.06
1291,Games,0.68,1.06,False,
1292,Retail,0.09,-0.63,True,29.67
1293,Retail,0.35,1.03,False,
1294,Retail,1.3,-1.58,True,65.9
1295,Fintech,6.0,0.02,True,29.93
1296,AI,0.45,-0.13,False,
1297,Health,0.2,0.09,True,8.54
1298,AI,0.36,0.08,False,
1299,Games,0.57,-0.08,False,
1300,Games,0.32,-0.39,False,
1301,Health,0.26,-0.11,False,
1302,AI,0.38,1.36,True,8.61
1303,Retail,0.74,-0.58,False,
1304,Games,0.47,2.26,False,
1305,Health,0.27,-0.64,True,68.25
1306,Health,0.32,0.24,False,
1307,AI,0.39,0.57,False,
1308,Games,0.24,-0.29,False,
1309,AI,0.31,1.38,True,3.94
1310,Health,0.9,0.55,True,10.89
1311,AI,0.45,-0.2,False,
1312,Fintech,0.13,1.37,True,10.98
1313,Fintech,1.23,-1.02,False,
1314,AI,0.75,-0.57,False,
1315,Retail,0.18,0.56,False,
1316,Retail,0.4,0.8,False,
1317,AI,0.29,0.32,True,5.85
1318,AI,0.93,-0.13,False,
1319,Retail,0.4,-0.25,False,
1320,AI,0.51,1.13,False,
1321,Health,0.46,0.24,False,
1322,AI,0.17,-0.87,False,
1323,Games,1.66,-0.93,True,8.23
1324,Retail,0.92,1.51,False,
1325,AI,0.3,-0.72,False,
1326,Retail,0.63,0.27,False,
1327,Retail,1.18,1.35,False,
1328,Retail,0.57,0.54,True,31.39
1329,Retail,1.88,-0.76,False,
1330,Retail,5.58,-1.02,False,
1331,Games,0.49,1.87,True,17.58
1332,Retail,0.34,-1.04,False,
1333,AI,0.24,-0.55,False,
1334,Games,0.09,0.37,True,22.71
1335,Games,1.47,-0.22,False,
1336,AI,0.41,0.57,False,
1337,Fintech,1.09,-1.47,False,
1338,Fintech,1.28,-0.21,False,
1339,Health,0.23,0.68,False,
1340,AI,0.26,0.68,False,
1341,Fintech,2.18,-0.57,False,
1342,Fintech,0.51,-1.02,False,
1343,Games,0.32,0.21,False,
1344,AI,0.23,-1.31,False,
1345,Fintech,0.48,1.28,False,
1346,Fintech,1.81,0.16,False,
1347,Health,0.94,-0.7,True,23.75
1348,AI,0.62,-1.05,False,
1349,Retail,1.93,-0.63,False,
1350,Fintech,1.65,-1.56,False,
1351,Fintech,0.71,0.49,False,
1352,Health,4.98,-0.8,False,
1353,Retail,0.44,0.4,False,
1354,Health,1.3,0.54,True,9.97
1355,Fintech,0.39,0.97,False,
1356,Health,1.11,0.25,True,17.74
1357,Health,0.44,1.13,True,6.66
1358,Health,0.78,1.39,True,20.28
1359,Retail,3.66,0.26,False,
1360,Retail,1.16,0.32,False,
1361,Health,0.79,-0.56,False,
1362,AI,0.29,-0.99,False,
1363,Health,0.63,1.28,False,
1364,Retail,0.24,0.61,False,
1365,Retail,1.1,0.69,False,
1366,Fintech,1.08,-0.59,False,
1367,AI,0.47,1.62,True,7.44
1368,AI,2.04,-0.23,True,9.96
1369,Retail,1.83,-0.8,True,29.63
1370,Health,0.61,-0.57,False,
1371,Fintech,0.85,1.57,False,
1372,Fintech,0.34,-1.11,False,
1373,Fintech,0.43,-0.75,False,
1374,Retail,0.23,2.9,True,8.58
1375,Health,0.37,0.94,False,
1376,Fintech,0.5,-0.73,False,
1377,Games,0.14,-1.08,False,
1378,Games,0.86,-1.67,False,
1379,Games,1.22,0.1,True,6.04
1380,Retail,0.54,0.73,True,5.3
1381,AI,0.06,1.52,True,22.09
1382,AI,0.44,-1.89,False,
1383,AI,0.18,-1.33,False,
1384,Games,0.33,-0.12,True,5.85
1385,Retail,1.73,2.79,False,
1386,Fintech,0.08,0.89,False,
1387,Retail,0.28,0.37,False,
1388,Games,1.05,-1.22,False,
1389,Retail,0.31,-2.12,False,
1390,Health,0.29,0.04,True,20.38
1391,AI,2.75,-0.1,False,
1392,Retail,0.73,-0.27,False,
1393,Retail,1.14,-0.38,True,10.61
1394,Games,0.8,-0.75,True,12.34
1395,Retail,0.61,-0.98,False,
1396,Fintech,1.49,1.39,False,
1397,Games,2.48,-0.89,False,
1398,Fintech,0.14,-0.28,False,
1399,Health,0.53,-0.04,False,
1400,Fintech,0.52,0.71,False,
1401,AI,0.38,-0.85,True,13.48
1402,AI,1.18,0.98,False,
1403,Games,0.66,-0.58,False,
1404,Retail,2.52,-0.16,True,43.63
1405,Fintech,1.3,1.64,False,
1406,Health,1.61,-0.97,False,
1407,AI,0.21,0.72,False,
1408,Health,0.28,1.0,False,
1409,Fintech,0.3,0.31,False,
1410,Health,1.56,-0.12,True,7.13
1411,Retail,0.25,2.13,True,28.56
1412,Health,0.26,-0.01,False,
1413,Games,0.22,0.2,False,
1414,Games,4.89,-0.34,False,
1415,AI,0.48,0.15,False,
1416,Fintech,0.83,0.96,False,
1417,AI,0.22,-0.28,True,13.96
1418,Health,1.16,-2.11,False,
1419,Retail,0.13,0.51,True,7.3
1420,Health,0.25,-1.08,False,
1421,Health,0.3,0.74,False,
1422,Fintech,0.64,-0.0,False,
1423,Fintech,0.29,0.94,False,
1424,Retail,1.83,-0.95,False,
1425,Fintech,0.81,-0.54,False,
1426,Games,0.31,-0.34,False,
1427,AI,1.2,-1.48,False,
1428,AI,0.39,1.11,True,10.27
1429,Fintech,0.34,-1.63,False,
1430,Retail,1.11,1.1,True,6.54
1431,Fintech,0.08,0.42,False,
1432,Games,0.97,-0.2,False,
1433,AI,0.31,0.35,False,
1434,Games,0.31,0.32,False,
1435,Games,2.59,-0.4,False,
1436,Games,0.35,0.3,False,
1437,Fintech,1.16,0.73,False,
1438,AI,0.68,-0.94,False,
1439,Retail,0.73,0.35,False,
1440,Health,0.44,-2.63,False,
1441,Fintech,0.42,-1.93,False,
1442,Health,1.83,0.56,False,
1443,AI,1.14,-0.42,False,
1444,Health,0.36,-0.85,True,50.47
1445,Health,0.23,-0.05,True,10.94
1446,AI,0.34,-0.4,False,
1447,Health,1.18,-0.99,False,
1448,Games,1.39,-1.64,False,
1449,Retail,0.84,-1.97,False,
1450,Games,0.15,0.74,False,
1451,Health,0.99,-0.42,True,8.52
1452,Retail,1.53,0.97,False,
1453,Fintech,0.62,-0.43,False,
1454,Games,2.63,0.35,False,
1455,AI,0.19,-0.13,False,
1456,AI,0.93,0.04,False,
1457,Games,0.24,0.09,True,14.75
1458,AI,1.26,-0.45,True,24.3
1459,Games,0.88,-1.23,True,10.97
1460,Games,2.28,0.77,False,
1461,AI,0.81,1.59,False,
1462,Fintech,0.39,1.66,True,7.04
1463,Games,0.36,-0.55,True,26.45
1464,Games,0.44,-0.73,False,
1465,Retail,0.36,-0.55,False,
1466,Fintech,1.59,-0.18,False,
1467,Retail,1.5,-0.05,False,
1468,Fintech,0.16,-1.0,False,
1469,AI,0.56,-1.48,False,
1470,Games,0.57,0.05,False,
1471,Fintech,0.29,-3.53,False,
1472,AI,0.77,-0.1,False,
1473,Fintech,1.74,-0.94,False,
1474,Retail,1.1,0.78,False,
1475,Retail,1.59,1.05,True,15.4
1476,Retail,0.3,1.07,False,
1477,Fintech,0.56,-0.35,False,
1478,Health,0.29,-1.14,False,
1479,Retail,0.65,-0.81,False,
1480,Fintech,0.7,0.29,True,5.76
1481,Fintech,1.16,-1.65,True,15.48
1482,Fintech,1.55,1.39,True,5.11
1483,Health,0.94,-0.33,True,11.63
1484,Games,0.27,0.5,False,
1485,Fintech,0.18,-1.78,False,
1486,AI,0.82,-0.93,False,
1487,Games,1.79,-1.91,False,
1488,Games,0.53,1.02,True,15.98
1489,Fintech,0.16,-0.16,False,
1490,Fintech,2.86,0.57,False,
1491,Retail,0.8,0.06,False,
1492,Games,0.62,0.47,False,
1493,Games,0.21,-0.34,False,
1494,Games,0.55,-0.2,False,
1495,Retail,0.94,-0.09,False,
1496,Fintech,0.81,0.41,False,
1497,Fintech,0.31,0.43,False,
1498,Fintech,0.52,2.81,False,
1499,Retail,0.33,1.68,False,
1500,AI,2.05,-1.78,False,
1501,Fintech,1.11,-0.14,False,
1502,Fintech,0.36,-0.41,False,
1503,Games,0.21,1.28,False,
1504,Games,0.67,-0.32,True,4.88
1505,Fintech,0.36,0.46,False,
1506,Fintech,0.39,-2.34,False,
1507,Retail,0.22,-1.51,False,
1508,AI,0.24,2.09,False,
1509,Games,0.62,0.05,False,
1510,Fintech,0.44,-1.0,False,
1511,Retail,3.98,0.24,False,
1512,Health,0.87,-1.05,True,7.06
1513,Games,0.22,-0.28,False,
1514,AI,0.16,-1.45,False,
1515,Fintech,0.74,-0.79,False,
1516,Games,0.39,-0.42,False,
1517,Health,1.57,1.12,False,
1518,Retail,0.68,0.46,False,
1519,Health,0.11,0.64,False,
1520,Health,0.24,-0.03,False,
1521,Retail,0.31,0.82,False,
1522,Health,0.77,-0.87,False,
1523,Retail,0.23,-0.73,False,
1524,Fintech,0.61,0.41,False,
1525,Fintech,0.19,-0.28,False,
1526,Retail,0.54,-0.01,False,
1527,AI,0.73,-0.16,False,
1528,AI,1.74,1.25,False,
1529,AI,0.66,1.31,True,12.52
1530,Health,0.28,-0.63,False,
1531,Games,1.78,-1.76,False,
1532,AI,0.47,-0.71,True,3.82
1533,AI,1.0,-0.9,True,42.78
1534,Fintech,0.33,0.83,True,20.56
1535,Fintech,0.58,0.92,False,
1536,AI,0.28,-1.03,False,
1537,AI,0.7,-0.75,False,
1538,Retail,1.03,-1.48,False,
1539,Games,0.36,0.13,False,
1540,Fintech,0.35,-0.04,False,
1541,Fintech,0.72,0.79,False,
1542,AI,0.28,0.5,False,
1543,Fintech,0.16,0.61,False,
1544,Fintech,0.72,-1.54,False,
1545,Retail,0.5,-0.63,False,
1546,Games,0.49,0.95,True,8.86
1547,Health,0.82,-0.54,False,
1548,AI,0.92,-1.63,False,
1549,Games,0.48,0.81,False,
1550,Retail,0.22,-0.58,False,
1551,AI,0.32,1.06,False,
1552,Retail,0.86,-0.02,True,15.67
1553,AI,0.6,-0.28,False,
1554,Games,0.35,1.36,False,
1555,AI,0.29,-1.3,False,
1556,Games,0.89,1.43,True,46.09
1557,Fintech,0.45,-0.64,False,
1558,Health,0.99,0.16,False,
1559,Games,1.09,0.17,False,
1560,Games,0.42,-0.43,True,16.11
1561,Games,1.16,-0.76,False,
1562,AI,0.6,-0.37,False,
1563,Games,0.67,-1.01,False,
1564,AI,0.09,1.96,True,15.93
1565,Games,0.25,-0.48,True,13.54
1566,AI,0.26,1.16,False,
1567,Health,0.42,1.03,False,
1568,Fintech,0.59,0.36,False,
1569,Retail,0.61,-0.14,False,
1570,Games,0.68,0.19,True,23.39
1571,AI,0.31,0.57,False,
1572,Games,0.94,0.1,False,
1573,AI,2.3,-1.57,False,
1574,Fintech,0.41,-1.82,False,
1575,Fintech,0.32,1.51,False,
1576,Retail,0.31,-2.63,False,
1577,Retail,0.58,0.2,True,25.07
1578,Retail,0.35,-0.23,True,3.91
1579,AI,0.14,0.16,False,
1580,AI,0.17,-1.14,False,
1581,Retail,1.22,0.35,True,39.35
1582,Fintech,1.51,0.21,False,
1583,Games,1.94,2.76,False,
1584,Retail,0.65,0.13,True,14.91
1585,AI,0.24,1.35,False,
1586,Fintech,0.38,-1.5,False,
1587,Retail,0.16,1.02,False,
1588,Games,0.16,0.23,False,
1589,Retail,0.66,0.27,False,
1590,Games,0.83,0.28,False,
1591,Fintech,2.59,1.71,False,
1592,Retail,0.51,0.26,False,
1593,Retail,0.18,-0.78,False,
1594,Retail,0.49,-0.62,False,
1595,Health,0.43,0.82,False,
1596,Health,0.36,0.45,False,
1597,Fintech,0.71,-1.53,False,
1598,Fintech,0.2,0.51,False,
1599,Retail,0.6,-1.08,False,
1600,Retail,0.91,0.44,False,
1601,Health,1.68,-0.81,False,
1602,Retail,0.69,-0.28,False,
1603,Fintech,1.24,-0.54,False,
1604,Retail,0.38,1.52,True,32.17
1605,Games,0.42,0.4,False,
1606,Games,1.59,1.26,True,15.25
1607,Games,0.18,2.9,False,
1608,Games,0.39,0.05,True,3.9
1609,Retail,1.33,1.5,False,
1610,Fintech,0.46,-0.7,False,
1611,Retail,0.43,1.25,False,
1612,AI,0.44,-0.81,False,
1613,AI,0.59,-0.02,True,28.82
1614,Games,1.29,0.54,True,38.65
1615,Retail,1.13,0.69,True,9.72
1616,Retail,0.55,-1.27,False,
1617,Fintech,1.29,-0.87,False,
1618,AI,0.71,0.61,True,3.6
1619,Health,1.07,-0.37,False,
1620,Retail,0.24,-1.4,False,
1621,Retail,2.17,-0.07,False,
1622,Retail,0.64,-0.12,False,
1623,Health,0.06,0.18,False,
1624,Retail,2.04,0.53,False,
1625,Fintech,0.54,0.47,False,
1626,Retail,0.39,-0.77,False,
1627,Health,0.33,-0.41,False,
1628,Fintech,0.77,0.93,False,
1629,Games,0.27,-0.54,False,
1630,Retail,0.34,-0.4,False,
1631,Fintech,0.35,-1.5,False,
1632,AI,0.43,-0.03,False,
1633,Games,0.36,0.35,False,
1634,Retail,1.07,-1.98,False,
1635,Games,0.67,-1.07,False,
1636,AI,0.74,-1.42,False,
1637,Games,0.88,0.79,True,17.81
1638,AI,0.5,-1.91,True,50.74
1639,Fintech,0.24,-0.08,True,27.23
1640,AI,2.29,0.72,False,
1641,Health,1.13,0.19,True,14.09
1642,Fintech,1.96,-0.44,True,42.86
1643,AI,1.24,0.35,False,
1644,Fintech,0.37,1.04,False,
1645,Games,0.08,-0.11,False,
1646,Fintech,0.2,-2.24,False,
1647,AI,0.9,1.15,False,
1648,Health,0.5,0.4,True,22.49
1649,Retail,0.39,-0.03,False,
1650,Retail,0.07,-1.98,False,
1651,Health,0.53,-0.3,True,12.46
1652,Games,0.23,-0.88,False,
1653,Retail,0.3,-1.22,True,13.88
1654,Games,1.07,-0.14,True,43.31
1655,Health,0.24,-0.54,False,
1656,AI,0.26,-0.47,False,
1657,Fintech,0.63,0.74,True,38.46
1658,Fintech,1.09,0.26,False,
1659,Fintech,0.39,-0.5,False,
1660,Retail,1.75,-0.62,False,
1661,Fintech,0.19,-0.45,True,6.69
1662,Health,0.17,-0.25,False,
1663,Retail,0.16,0.58,False,
1664,Games,0.14,-1.04,False,
1665,Fintech,0.71,1.46,True,63.92
1666,Retail,0.25,0.58,False,
1667,Fintech,0.17,-2.74,False,
1668,AI,0.73,0.09,False,
1669,Health,1.04,1.04,False,
1670,Fintech,1.25,0.39,True,8.1
1671,Retail,1.09,-0.41,True,5.13
1672,Fintech,0.26,-0.06,False,
1673,Retail,0.67,0.18,False,
1674,AI,0.8,0.77,False,
1675,Retail,0.37,-1.42,False,
1676,AI,0.62,-0.61,True,30.37
1677,Retail,0.2,1.64,False,
1678,AI,0.33,0.03,False,
1679,Retail,0.73,1.53,True,3.71
1680,Retail,1.8,2.99,True,8.8
1681,Games,1.36,-0.49,False,
1682,AI,0.92,-1.2,True,9.46
1683,Games,0.58,-0.27,True,6.6
1684,Games,0.51,1.1,False,
1685,Health,0.17,1.24,False,
1686,Games,0.28,2.27,False,
1687,Retail,0.28,-0.04,False,
1688,Retail,0.86,0.49,False,
1689,Health,1.15,-0.71,False,
1690,AI,0.97,-2.51,False,
1691,AI,1.39,-0.04,False,
1692,Games,0.57,-1.15,False,
1693,Retail,0.25,0.64,False,
1694,Health,0.52,-1.88,False,
1695,AI,0.3,-0.74,False,
1696,Fintech,0.91,0.27,False,
1697,Fintech,0.41,0.37,True,12.97
1698,Retail,0.5,-0.05,False,
1699,Games,0.94,1.87,False,
1700,AI,0.3,1.57,False,
1701,Fintech,1.17,-0.68,False,
1702,AI,0.18,1.61,True,16.28
1703,Games,0.69,1.76,True,21.07
1704,Games,0.5,-0.12,True,8.85
1705,AI,1.05,0.05,True,15.99
1706,Fintech,0.18,-0.05,False,
1707,Retail,0.16,-0.64,True,14.13
1708,Retail,0.98,-0.55,False,
1709,Health,0.4,1.32,False,
1710,Health,0.5,0.44,False,
1711,Retail,0.32,-0.55,False,
1712,Games,1.12,-0.93,False,
1713,Retail,0.69,-0.76,False,
1714,AI,0.66,-0.16,True,4.15
1715,Fintech,0.21,0.91,False,
1716,AI,0.81,-0.86,False,
1717,Retail,0.24,0.9,False,
1718,Games,0.32,0.2,True,16.8
1719,AI,0.18,0.14,False,
1720,Retail,0.48,1.03,True,5.76
1721,Retail,1.27,0.84,True,19.93
1722,Fintech,0.65,-1.4,False,
1723,Games,0.38,-1.08,False,
1724,Games,0.59,-0.23,False,
1725,AI,0.59,0.36,True,6.19
1726,Games,0.57,1.36,False,
1727,Fintech,0.62,0.07,False,
1728,Retail,0.24,1.7,False,
1729,Retail,0.59,-0.71,False,
1730,Retail,0.13,-0.54,False,
1731,Retail,0.86,-0.31,True,10.64
1732,AI,0.22,-0.82,False,
1733,Fintech,1.39,1.16,False,
1734,Games,0.08,-2.77,False,
1735,Fintech,2.06,-0.5,False,
1736,Games,0.15,1.15,False,
1737,Fintech,0.21,-0.31,False,
1738,AI,0.69,1.07,True,4.08
1739,Health,0.89,2.2,False,
1740,Games,0.43,0.08,True,17.69
1741,Health,1.1,1.17,False,
1742,Games,0.29,2.42,True,24.49
1743,Health,0.39,0.4,True,13.76
1744,Retail,0.42,-0.05,True,7.45
1745,Games,0.35,0.9,False,
1746,Health,0.11,1.18,True,8.46
1747,Health,0.53,-0.04,False,
1748,Health,0.49,-0.48,True,8.3
1749,AI,1.28,1.72,False,
1750,Games,0.19,-0.27,True,17.97
1751,Fintech,0.32,1.19,False,
1752,Retail,1.42,0.26,True,19.5
1753,Retail,0.68,1.83,True,22.38
1754,Health,0.84,-0.85,True,8.24
1755,Retail,0.78,-0.85,False,
1756,Games,0.78,0.85,False,
1757,AI,2.32,-1.13,True,29.43
1758,Games,0.58,0.12,False,
1759,Retail,0.24,1.55,False,
1760,AI,0.9,-1.78,False,
1761,Fintech,0.34,0.4,True,11.47
1762,Games,0.49,1.21,False,
1763,Health,0.73,-0.03,False,
1764,Games,0.28,-0.93,False,
1765,Games,0.36,-0.26,False,
1766,Retail,0.79,-0.84,True,19.08
1767,AI,0.35,0.07,False,
1768,Health,1.18,-0.28,False,
1769,Retail,0.25,-0.51,False,
1770,Fintech,0.24,0.47,False,
1771,Health,2.48,1.58,False,
1772,AI,0.16,0.33,False,
1773,Fintech,0.53,1.34,False,
1774,Health,2.38,1.58,True,6.83
1775,Fintech,0.53,-0.59,False,
1776,Games,1.59,0.27,False,
1777,Games,0.91,-0.42,False,
1778,Retail,0.54,-1.48,False,
1779,Retail,0.49,0.36,False,
1780,Fintech,0.1,-1.05,False,
1781,AI,0.42,0.48,True,11.5
1782,Retail,0.65,-1.56,False,
1783,Fintech,0.65,0.17,False,
1784,Fintech,3.89,-1.57,True,59.73
1785,AI,0.68,0.67,True,12.64
1786,Games,0.89,-0.39,True,9.66
1787,Fintech,1.37,-0.49,False,
1788,AI,0.83,1.13,True,14.9
1789,Health,0.5,-0.32,False,
1790,Retail,0.51,0.11,False,
1791,Fintech,0.41,-0.2,False,
1792,Games,0.77,0.51,True,9.32
1793,Health,0.47,1.04,False,
1794,Health,0.89,0.84,False,
1795,Fintech,0.24,-0.47,False,
1796,AI,0.61,1.21,True,30.95
1797,Fintech,1.87,-0.92,False,
1798,Retail,0.45,-0.74,False,
1799,AI,2.36,-0.13,False,
1800,Retail,0.62,1.05,False,
1801,AI,0.52,-1.17,False,
1802,Fintech,0.59,0.89,False,
1803,Games,0.42,-0.05,True,26.16
1804,Retail,0.11,-0.43,False,
1805,AI,1.09,1.1,False,
1806,AI,3.12,-0.8,False,
1807,Games,0.79,2.29,True,25.11
1808,Fintech,0.83,-0.18,False,
1809,Games,0.47,0.15,False,
1810,Retail,1.36,1.54,False,
1811,AI,0.52,0.18,False,
1812,Retail,0.67,1.19,False,
1813,AI,0.15,-1.95,False,
1814,Retail,0.35,-0.44,False,
1815,Retail,0.72,0.4,False,
1816,Games,1.12,1.08,True,43.31
1817,Retail,1.14,0.77,False,
1818,Retail,0.15,0.68,False,
1819,AI,0.17,1.06,False,
1820,AI,0.86,0.48,False,
1821,AI,0.3,-2.14,False,
1822,Health,1.11,1.44,False,
1823,Games,0.15,-0.84,False,
1824,Health,0.5,0.31,False,
1825,Games,0.53,0.18,False,
1826,Health,0.79,0.05,False,
1827,AI,0.24,-1.11,False,
1828,Fintech,0.11,-1.94,False,
1829,Retail,0.62,-1.0,True,6.7
1830,Fintech,0.82,0.83,False,
1831,Fintech,1.21,-1.45,False,
1832,AI,0.41,-0.88,False,
1833,Retail,1.01,0.42,False,
1834,Fintech,0.8,-1.03,False,
1835,Games,1.56,-0.54,True,34.09
1836,AI,0.52,0.08,True,4.48
1837,AI,0.14,0.28,False,
1838,Games,0.51,-1.05,False,
1839,Games,0.58,0.14,False,
1840,Games,0.82,0.4,False,
1841,Fintech,0.16,-1.27,False,
1842,Retail,0.42,0.21,False,
1843,Health,1.08,-0.72,False,
1844,Retail,0.5,0.12,False,
1845,AI,0.42,0.72,False,
1846,Health,2.48,-0.18,False,
1847,Fintech,0.23,0.91,False,
1848,Retail,1.45,0.79,True,38.71
1849,Games,1.22,0.91,False,
1850,Health,0.45,0.4,False,
1851,AI,0.53,1.1,False,
1852,AI,0.52,0.39,True,20.72
1853,AI,0.63,-1.67,False,
1854,Retail,0.34,-0.79,False,
1855,Fintech,0.38,-0.21,False,
1856,AI,0.41,-0.09,False,
1857,Fintech,0.42,0.36,True,14.22
1858,AI,0.42,-0.81,False,
1859,Retail,0.09,2.01,False,
1860,Fintech,0.58,-0.1,False,
1861,Retail,0.35,-0.01,False,
1862,Games,0.12,-0.67,True,28.01
1863,Health,0.41,-1.0,False,
1864,Health,0.4,-0.13,False,
1865,Games,1.5,0.03,False,
1866,Games,0.35,-0.09,True,32.68
1867,AI,0.92,1.66,False,
1868,Retail,1.63,-0.13,True,48.69
1869,Fintech,0.33,-0.09,True,8.83
1870,Fintech,0.52,0.82,False,
1871,Health,2.15,-0.17,True,14.74
1872,Games,0.65,0.54,True,7.67
1873,Fintech,0.73,-1.28,False,
1874,Fintech,0.39,-1.27,False,
1875,AI,0.94,0.12,False,
1876,Health,0.52,-0.23,False,
1877,AI,0.12,-0.81,False,
1878,Retail,0.41,0.12,True,5.14
1879,Fintech,0.21,0.21,False,
1880,Retail,0.59,-0.71,False,
1881,Games,0.26,-0.52,True,14.48
1882,Retail,0.79,0.22,False,
1883,Retail,0.56,-1.02,False,
1884,Fintech,0.2,-0.6,True,10.22
1885,Health,0.36,0.53,False,
1886,AI,0.89,-0.02,False,
1887,AI,1.35,-0.48,False,
1888,Fintech,0.26,-0.9,False,
1889,Games,0.22,-1.01,False,
1890,Retail,2.57,-0.13,False,
1891,Fintech,0.54,2.03,False,
1892,Games,0.58,0.57,False,
1893,Fintech,0.3,-1.33,False,
1894,AI,0.64,0.71,False,
1895,AI,2.13,-0.76,True,33.28
1896,Games,0.66,-0.0,True,35.94
1897,Health,1.27,-0.59,True,9.48
1898,Fintech,0.55,2.02,False,
1899,AI,0.24,-1.13,False,
1900,Health,0.31,0.31,False,
1901,Retail,0.22,-0.69,False,
1902,AI,0.64,0.74,False,
1903,Games,1.44,0.29,True,8.51
1904,Games,0.61,1.25,True,10.68
1905,Health,0.42,0.72,False,
1906,AI,0.29,-0.69,False,
1907,Retail,0.72,2.92,True,8.49
1908,Health,0.2,0.56,False,
1909,Fintech,0.22,-0.55,False,
1910,Retail,1.11,0.21,False,
1911,Retail,0.43,0.63,False,
1912,Games,0.43,0.59,False,
1913,Retail,0.47,0.5,True,23.08
1914,AI,0.97,0.97,False,
1915,Retail,0.62,0.87,False,
1916,Fintech,0.3,-0.85,True,10.56
1917,Retail,0.31,2.11,False,
1918,Fintech,0.46,1.97,False,
1919,AI,0.69,0.8,True,53.62
1920,Health,0.53,0.04,False,
1921,Retail,0.49,0.06,True,13.7
1922,Health,0.56,-0.32,False,
1923,Retail,0.52,-0.19,False,
1924,AI,0.29,-2.19,False,
1925,AI,1.31,1.53,True,52.53
1926,Health,0.37,1.18,False,
1927,Fintech,0.6,-1.68,False,
1928,Games,0.1,0.89,False,
1929,Retail,0.45,-0.01,False,
1930,Games,0.22,-0.2,True,4.6
1931,Health,0.25,0.49,False,
1932,Health,3.75,-1.74,False,
1933,Retail,0.66,-0.01,False,
1934,Games,1.44,0.08,False,
1935,Retail,1.07,0.08,False,
1936,Fintech,1.19,-1.37,False,
1937,Games,0.46,0.45,False,
1938,AI,1.95,1.06,True,8.56
1939,Games,1.06,0.41,True,20.3
1940,Retail,0.56,-0.23,False,
1941,Retail,0.67,2.69,False,
1942,AI,0.48,-0.92,False,
1943,Retail,0.56,0.77,True,20.28
1944,AI,0.52,0.24,True,2.33
1945,Health,0.73,2.01,False,
1946,Games,2.17,0.39,False,
1947,Health,0.21,0.6,True,22.25
1948,Fintech,1.35,0.51,True,8.52
1949,Games,0.4,-1.06,False,
1950,Games,1.49,-0.87,True,14.01
1951,Games,0.41,-0.28,False,
1952,Health,0.75,0.96,False,
1953,Games,0.48,0.23,True,7.43
1954,Health,0.14,-0.21,False,
1955,AI,2.17,1.37,True,37.84
1956,Health,0.25,-1.98,False,
1957,Games,0.58,-1.3,False,
1958,Fintech,0.23,-2.5,False,
1959,AI,0.19,1.21,True,19.46
1960,Retail,0.46,-0.1,True,6.83
1961,Retail,0.34,0.97,True,23.25
1962,Games,0.21,-0.11,False,
1963,Retail,0.53,1.02,False,
1964,Retail,0.17,-0.13,False,
1965,Health,0.6,0.41,True,13.28
1966,Fintech,0.49,0.26,False,
1967,Games,0.07,0.34,False,
1968,Retail,0.36,1.68,True,13.98
1969,Games,0.79,-1.62,False,
1970,AI,0.23,-0.07,False,
1971,Retail,0.81,0.2,False,
1972,Retail,0.76,0.05,False,
1973,Health,0.24,-0.4,True,14.55
1974,Retail,0.54,-0.53,False,
1975,Games,1.05,1.53,False,
1976,Retail,0.27,-0.07,False,
1977,Retail,0.46,2.44,False,
1978,AI,1.36,0.53,True,13.62
1979,Retail,0.27,-0.29,False,
1980,Fintech,0.78,0.55,False,
1981,Retail,0.23,0.11,False,
1982,Retail,0.48,1.34,False,
1983,Retail,0.77,-1.17,False,
1984,Retail,0.08,-1.8,False,
1985,Retail,0.35,0.36,False,
1986,Fintech,0.76,0.84,True,11.79
1987,Health,0.65,0.29,False,
1988,AI,0.36,0.67,False,
1989,Retail,0.22,0.53,False,
1990,Games,0.89,-1.48,False,
1991,Games,0.42,0.28,False,
1992,Fintech,0.84,1.32,True,39.48
1993,Games,0.73,0.17,False,
1994,Health,0.38,-1.31,False,
1995,Retail,1.27,-0.33,False,
1996,Retail,0.34,0.56,False,
1997,Health,1.4,1.8,False,
1998,Retail,1.56,-1.96,False,
1999,AI,1.25,0.36,True,29.83
2000,AI,0.47,-0.93,False,
2001,Games,4.15,0.51,False,
2002,Games,0.61,0.59,False,
2003,AI,0.66,-0.23,False,
2004,Fintech,0.53,0.63,False,
2005,Health,0.22,1.14,True,15.93
2006,AI,1.52,-0.16,False,
2007,Health,0.34,-1.34,False,
2008,Health,1.13,1.43,True,10.94
2009,Retail,1.37,0.83,False,
2010,Fintech,0.88,0.56,True,5.25
2011,AI,0.31,-0.69,False,
2012,AI,0.41,0.99,True,10.7
2013,AI,0.06,2.04,True,12.53
2014,Retail,0.49,-0.12,False,
2015,Health,1.03,0.09,False,
2016,AI,0.45,-1.07,True,18.21
2017,Retail,0.34,-0.72,False,
2018,Retail,0.43,-1.07,False,
2019,AI,1.43,0.13,False,
2020,Fintech,0.52,-0.34,False,
2021,Retail,2.39,0.37,True,39.6
2022,Games,0.34,-0.89,False,
2023,Retail,0.64,-0.17,False,
2024,AI,0.38,-0.95,False,
2025,Retail,2.84,0.19,False,
2026,AI,0.62,-1.63,False,
2027,Fintech,2.97,0.15,True,40.9
2028,Retail,0.39,-0.28,False,
2029,Games,1.83,0.18,False,
2030,AI,0.59,-1.65,False,
2031,Fintech,1.06,0.65,True,7.38
2032,Retail,0.2,-0.3,False,
2033,AI,0.71,0.22,True,3.97
2034,Fintech,0.23,-1.87,False,
2035,AI,0.66,-1.24,False,
2036,AI,0.16,-0.39,False,
2037,Retail,0.5,1.38,True,17.91
2038,AI,1.3,0.53,True,23.89
2039,Health,0.84,0.13,False,
2040,Games,0.2,-0.92,False,
2041,AI,0.12,-1.11,False,
2042,Games,0.8,0.28,False,
2043,Fintech,1.91,0.7,False,
2044,Retail,0.25,0.21,True,4.42
2045,Retail,2.89,1.71,True,47.78
2046,Retail,0.54,-0.68,False,
2047,Fintech,0.11,0.18,False,
2048,Retail,0.16,-1.69,False,
2049,Games,1.0,0.21,False,
2050,Fintech,0.6,1.47,False,
2051,AI,1.77,-1.04,False,
2052,AI,0.21,0.84,False,
2053,Fintech,0.59,1.44,False,
2054,Fintech,0.54,-0.69,False,
2055,Retail,0.48,0.47,False,
2056,Retail,0.4,1.58,False,
2057,AI,0.4,0.23,False,
2058,Retail,0.62,0.79,False,
2059,Games,0.69,-1.77,False,
2060,Health,0.66,0.6,True,9.7
2061,Retail,1.42,0.52,False,
2062,Games,0.21,-1.33,False,
2063,Games,0.13,-0.96,True,27.36
2064,Fintech,1.22,0.6,False,
2065,Fintech,0.25,-0.3,False,
2066,Retail,0.4,1.11,True,12.79
2067,Fintech,0.33,0.31,False,
2068,AI,0.33,0.06,False,
2069,Fintech,0.17,-0.17,False,
2070,Health,0.34,0.29,False,
2071,Fintech,0.91,0.8,False,
2072,Retail,0.54,0.53,True,56.28
2073,Health,0.81,-0.42,False,
2074,Retail,0.36,1.24,False,
2075,Games,1.11,0.66,False,
2076,Health,0.36,0.39,False,
2077,AI,0.1,0.09,True,4.83
2078,Fintech,0.7,0.5,False,
2079,Retail,1.0,-1.83,False,
2080,Retail,0.35,0.24,False,
2081,Health,1.41,1.64,False,
2082,Retail,0.27,0.22,True,14.83
2083,Retail,0.92,0.08,True,14.19
2084,AI,2.18,-0.6,True,48.31
2085,Games,0.56,0.49,True,18.03
2086,Retail,0.45,-0.2,True,9.77
2087,Retail,0.5,1.31,True,16.08
2088,AI,1.99,-0.86,True,76.05
2089,Fintech,0.75,-0.45,True,23.28
2090,Health,3.0,-0.6,True,16.08
2091,Fintech,0.68,1.83,False,
2092,AI,0.32,-0.19,True,19.54
2093,Games,0.34,-0.55,False,
2094,Health,0.57,-2.09,True,10.26
2095,AI,0.11,-0.91,True,13.57
2096,Games,0.37,0.53,False,
2097,AI,0.38,0.52,False,
2098,Fintech,0.65,-0.65,False,
2099,Retail,2.55,-0.6,False,
2100,Retail,0.56,1.86,True,14.74
2101,Fintech,0.12,2.7,True,17.44
2102,Retail,0.26,1.15,False,
2103,Retail,0.67,1.56,True,3.4
2104,Games,0.58,1.77,False,
2105,Retail,1.98,2.21,False,
2106,Fintech,1.16,-0.3,False,
2107,AI,1.14,-0.88,False,
2108,Retail,0.45,1.83,True,8.11
2109,Health,1.3,-0.96,False,
2110,Fintech,0.26,-1.03,False,
2111,AI,1.17,-1.01,False,
2112,AI,0.43,-0.13,False,
2113,AI,0.17,-1.98,False,
2114,AI,0.87,-1.43,True,26.41
2115,Retail,1.65,-0.62,False,
2116,Fintech,0.39,-1.2,False,
2117,Retail,1.89,1.06,False,
2118,AI,0.14,0.01,False,
2119,Fintech,0.21,0.58,False,
2120,Retail,0.48,0.47,False,
2121,AI,0.4,-0.21,False,
2122,Fintech,0.32,0.99,False,
2123,Retail,0.6,0.45,False,
2124,AI,0.35,-0.32,False,
2125,AI,0.41,-1.68,False,
2126,Retail,0.68,0.52,False,
2127,Health,0.32,-1.26,False,
2128,Games,0.5,0.38,False,
2129,AI,0.32,0.08,False,
2130,Fintech,0.21,-1.36,False,
2131,Health,1.0,0.26,False,
2132,Games,2.12,0.19,True,23.81
2133,Fintech,1.27,0.19,False,
2134,Retail,0.7,0.15,True,15.46
2135,Retail,0.32,-0.65,False,
2136,Health,0.43,0.59,False,
2137,Health,1.26,-0.69,False,
2138,Games,0.09,-1.07,False,
2139,Games,0.4,0.67,False,
2140,AI,0.97,0.94,True,42.84
2141,Retail,0.22,0.61,False,
2142,Health,0.76,-0.21,False,
2143,Retail,0.73,-1.94,False,
2144,Retail,0.17,1.48,False,
2145,AI,0.58,-1.96,False,
2146,Fintech,0.33,0.59,True,6.07
2147,Health,0.75,2.11,True,28.12
2148,Health,0.92,0.15,False,
2149,Retail,0.74,0.29,False,
2150,AI,0.57,0.38,False,
2151,Games,0.68,0.2,True,13.04
2152,Retail,0.21,2.35,True,4.87
2153,Retail,0.53,-0.84,False,
2154,AI,0.29,-0.97,False,
2155,Retail,1.23,-0.33,False,
2156,AI,0.93,1.74,True,16.66
2157,Health,0.93,-0.58,True,37.46
2158,Fintech,2.13,0.43,True,7.46
2159,Games,0.41,1.07,False,
2160,AI,0.35,0.78,False,
2161,Fintech,0.41,1.02,True,40.27
2162,Fintech,0.15,1.42,False,
2163,Retail,0.16,0.31,False,
2164,Games,0.89,-0.46,False,
2165,Games,0.18,0.15,False,
2166,Games,0.23,-0.34,False,
2167,Fintech,0.5,2.52,True,19.61
2168,AI,0.39,-0.53,False,
2169,AI,1.1,0.48,True,12.85
2170,Health,0.57,-1.5,False,
2171,Retail,0.29,0.13,False,
2172,Fintech,1.18,-0.29,False,
2173,Games,0.97,0.68,True,38.95
2174,Retail,0.17,0.7,False,
2175,Retail,0.66,1.42,False,
2176,Fintech,0.3,1.34,False,
2177,Retail,0.3,-0.07,False,
2178,Games,2.41,-0.94,False,
2179,Health,0.6,-0.83,False,
2180,Retail,0.45,0.3,False,
2181,Fintech,0.58,0.16,False,
2182,Retail,1.09,0.26,False,
2183,Games,0.31,-0.54,False,
2184,Retail,0.35,1.44,False,
2185,Retail,0.91,-1.47,False,
2186,Games,0.16,-0.59,False,
2187,AI,1.19,-1.08,False,
2188,Fintech,0.15,-0.21,False,
2189,Retail,0.44,1.25,False,
2190,Games,0.15,-0.29,False,
2191,Retail,0.23,0.1,False,
2192,Fintech,1.53,0.66,False,
2193,Health,1.25,-0.34,False,
2194,Retail,1.36,0.38,False,
2195,Retail,0.17,0.25,True,30.91
2196,Fintech,0.23,-1.13,False,
2197,AI,0.71,-0.46,False,
2198,Retail,0.96,0.35,False,
2199,Retail,0.29,1.28,True,7.88
2200,Health,0.34,1.28,True,3.2
2201,Health,0.22,2.1,False,
2202,Fintech,2.04,0.49,False,
2203,Health,0.37,-0.41,False,
2204,AI,0.55,-0.06,False,
2205,Fintech,0.58,-0.11,False,
2206,Retail,1.31,-0.41,True,36.09
2207,Fintech,0.25,0.38,False,
2208,Retail,1.38,0.43,False,
2209,Health,0.19,-1.17,False,
2210,AI,1.37,1.09,True,4.49
2211,Fintech,0.14,-1.84,False,
2212,AI,0.5,-0.22,False,
2213,Games,1.98,1.15,False,
2214,Retail,0.94,0.61,False,
2215,Retail,0.76,-0.36,False,
2216,Retail,0.23,1.97,False,
2217,Retail,0.3,-0.44,False,
2218,Retail,1.58,-2.0,False,
2219,Health,0.79,0.45,True,18.7
2220,Games,1.1,-1.78,False,
2221,Health,0.57,-0.83,False,
2222,AI,0.43,0.62,False,
2223,Games,1.0,-0.46,False,
2224,Games,0.66,0.58,True,11.97
2225,Fintech,0.47,-1.16,True,51.1
2226,Retail,0.17,0.86,False,
2227,AI,1.16,-1.69,False,
2228,Games,0.77,1.32,False,
2229,Retail,0.33,-0.48,True,5.58
2230,Fintech,1.39,1.53,True,15.35
2231,Retail,0.66,-0.84,False,
2232,Retail,0.67,1.92,True,7.8
2233,Games,1.1,-0.96,False,
2234,Retail,0.92,-1.79,False,
2235,Games,0.68,0.04,False,
2236,Health,0.46,1.23,False,
2237,Games,2.64,0.79,True,38.67
2238,Health,0.3,1.16,True,7.65
2239,Fintech,0.98,0.81,False,
2240,AI,0.51,-0.82,False,
2241,Fintech,0.78,0.77,False,
2242,Retail,1.45,0.09,False,
2243,Retail,0.42,-0.71,False,
2244,Retail,0.87,0.18,False,
2245,Fintech,0.67,-0.06,True,19.01
2246,Health,0.32,1.42,True,31.39
2247,Health,1.48,-0.51,False,
2248,AI,0.95,-0.56,True,8.77
2249,Games,0.38,-0.7,False,
2250,Fintech,1.31,1.9,True,44.02
2251,Retail,0.28,-0.64,False,
2252,Fintech,0.53,1.3,False,
2253,Retail,0.38,-1.03,False,
2254,Retail,0.99,0.51,True,7.68
2255,Games,0.37,0.26,True,18.8
2256,Fintech,0.99,1.23,False,
2257,Fintech,0.87,1.09,True,30.31
2258,Retail,0.4,0.08,False,
2259,AI,2.34,-0.54,True,38.6
2260,AI,0.3,1.62,False,
2261,Retail,0.18,-0.64,False,
2262,Retail,1.07,-2.27,False,
2263,Games,0.1,-1.86,False,
2264,AI,1.78,-1.62,True,6.3
2265,Health,0.59,0.6,False,
2266,Retail,0.17,2.21,False,
2267,Fintech,0.25,-2.04,False,
2268,AI,0.15,-0.78,False,
2269,AI,0.73,0.09,True,18.97
2270,Games,0.19,1.55,False,
2271,Fintech,0.81,-0.79,True,39.06
2272,Retail,0.42,0.59,False,
2273,Fintech,0.37,-0.25,False,
2274,AI,0.81,2.61,True,26.68
2275,Retail,0.89,0.14,False,
2276,Retail,1.35,0.36,False,
2277,Games,0.33,0.08,True,13.25
2278,Retail,0.53,-0.41,False,
2279,AI,0.33,0.95,False,
2280,Health,0.62,-1.16,False,
2281,Fintech,0.29,-2.0,False,
2282,Health,0.38,-0.15,False,
2283,Retail,0.39,0.82,False,
2284,Retail,0.68,-0.58,False,
2285,AI,0.54,0.19,False,
2286,Fintech,0.81,-1.22,False,
2287,Retail,0.5,1.06,False,
2288,Games,0.34,0.65,True,26.84
2289,Fintech,0.63,0.02,False,
2290,Fintech,0.26,0.17,False,
2291,Fintech,0.85,-1.39,False,
2292,Health,0.43,-1.35,True,5.22
2293,Health,0.64,-0.12,False,
2294,Health,0.64,0.51,True,48.67
2295,Health,1.95,0.56,False,
2296,Health,0.73,-0.36,False,
2297,AI,0.57,0.75,False,
2298,AI,0.31,1.42,False,
2299,Fintech,1.03,-0.09,False,
2300,Retail,0.44,0.31,False,
2301,Retail,0.16,-0.21,False,
2302,AI,0.46,-0.13,True,42.11
2303,Health,0.63,0.17,True,13.91
2304,Games,0.28,1.7,True,10.52
2305,Health,0.49,0.92,True,9.61
2306,Games,0.51,0.83,False,
2307,Retail,0.52,-0.45,False,
2308,AI,1.45,-0.9,False,
2309,Health,0.19,0.39,False,
2310,Health,2.75,1.24,False,
2311,Health,0.53,1.72,False,
2312,AI,0.86,-2.45,False,
2313,Games,0.6,2.45,False,
2314,AI,0.14,0.42,False,
2315,Games,0.23,0.91,False,
2316,Games,0.36,-1.74,True,13.5
2317,Fintech,1.2,-0.24,False,
2318,Retail,0.18,0.82,False,
2319,Retail,0.27,-1.17,False,
2320,Health,0.62,-2.89,False,
2321,Retail,0.79,0.34,False,
2322,Retail,0.77,-0.05,False,
2323,AI,0.25,1.44,False,
2324,Games,0.15,-0.16,False,
2325,Games,0.83,-0.09,False,
2326,Games,1.7,0.7,False,
2327,Retail,0.41,1.03,True,9.63
2328,Health,0.22,-0.71,False,
2329,AI,0.38,0.94,False,
2330,Health,0.74,-0.52,True,11.03
2331,Retail,0.45,0.02,False,
2332,Fintech,1.67,0.67,False,
2333,AI,1.13,0.85,False,
2334,Fintech,0.63,0.32,False,
2335,Games,0.11,-1.08,True,12.77
2336,AI,0.31,-1.87,False,
2337,Fintech,0.35,-0.19,False,
2338,AI,0.3,0.97,True,15.67
2339,Health,0.63,0.45,False,
2340,AI,0.64,0.24,False,
2341,AI,0.14,-0.01,True,6.64
2342,Games,1.03,0.31,True,31.08
2343,AI,0.55,-0.99,False,
2344,AI,0.72,0.78,False,
2345,Games,0.98,0.85,False,
2346,AI,0.29,-0.36,False,
2347,AI,1.48,0.44,True,24.01
2348,Health,0.48,-1.72,False,
2349,Fintech,1.81,0.18,False,
2350,Health,0.26,-0.13,False,
2351,Retail,1.71,1.26,False,
2352,Health,0.26,-0.2,False,
2353,Health,4.15,0.87,True,32.97
2354,Retail,0.25,-0.39,False,
2355,Health,1.26,-2.29,False,
2356,Retail,0.4,-0.23,False,
2357,Health,0.96,0.2,False,
2358,Games,0.52,0.15,False,
2359,Retail,0.23,0.17,True,67.57
2360,AI,0.06,-0.51,True,10.17
2361,Retail,4.02,-0.32,False,
2362,Health,0.57,-1.13,False,
2363,Games,0.05,-2.0,False,
2364,Health,0.69,-0.11,True,12.65
2365,Fintech,0.94,-0.75,True,6.48
2366,AI,0.3,1.08,False,
2367,Retail,0.31,-2.18,False,
2368,Games,0.53,0.29,False,
2369,Retail,1.41,2.12,False,
2370,Fintech,0.59,-0.18,False,
2371,Fintech,1.74,-0.0,False,
2372,Fintech,1.34,0.43,False,
2373,Fintech,0.45,0.5,False,
2374,Health,0.15,-0.41,True,27.88
2375,Retail,0.45,-1.01,False,
2376,Retail,0.82,0.65,True,22.13
2377,Health,0.57,-1.91,False,
2378,Fintech,0.9,0.83,False,
2379,Games,1.08,-0.39,False,
2380,Games,0.83,0.0,False,
2381,Games,0.43,-0.53,False,
2382,Health,0.82,1.43,True,62.75
2383,AI,3.23,0.25,False,
2384,AI,0.16,-0.32,False,
2385,Retail,0.8,-0.35,False,
2386,Games,2.34,-0.15,True,40.77
2387,Retail,0.21,2.4,True,30.67
2388,Fintech,1.2,-1.32,False,
2389,Health,1.34,1.08,False,
2390,Fintech,0.17,0.57,False,
2391,Retail,0.96,1.54,False,
2392,Fintech,0.43,0.63,False,
2393,Games,0.51,0.0,False,
2394,AI,0.42,1.02,True,8.09
2395,AI,1.54,0.23,False,
2396,AI,0.49,0.75,True,16.75
2397,Health,0.37,1.43,True,17.97
2398,Retail,0.38,0.09,False,
2399,Retail,0.41,-0.42,False,
2400,Games,0.23,-0.64,False,
